path,bytes,last_write_time
.gitignore,52,2026-09-14T22:15:43
ARTIFACT_MANIFEST.csv,3316,2026-09-14T22:19:32
code\ecg_reconstruction\ecg_recon_metrics_plus.py,27306,2026-09-14T22:17:14
code\ecg_reconstruction\ecg_recon_rpeak_fix.py,16242,2026-09-14T22:17:30
code\ecg_reconstruction\ecg_recon_with_errorbars.py,19800,2026-09-14T22:17:23
code\ecg_reconstruction\ecg_reconstruct_test.py,10188,2026-09-14T22:06:10
code\ecg_reconstruction\ecg_training_improved.py,13717,2026-09-14T22:18:52
code\ecg_reconstruction\README.md,2344,2026-09-14T22:18:45
code\ecg_reconstruction\reproduce_test_data.py,4638,2026-09-14T22:06:01
code\questionnaire_outcomes\aggreQ_5mins.py,2202,2026-01-29T01:35:11
code\questionnaire_outcomes\fewer_featrues.py,11784,2026-02-11T16:28:01
code\questionnaire_outcomes\preprocess-Q.py,19627,2026-01-21T23:54:29
code\questionnaire_outcomes\Q_train_classification_v2.py,16331,2026-01-29T01:35:48
code\questionnaire_outcomes\Q_train_multi.py,19566,2026-01-29T02:21:37
code\sleep_stage\N1-ctx.py,26915,2026-03-01T22:56:49
code\sleep_stage\preprocess-ctx.py,19611,2026-09-14T22:06:26
code\sleep_stage\run_sleep_stage_weights_demo.py,14989,2026-09-14T22:14:33
code\utilities\plot_mlt.py,12137,2026-01-29T01:59:29
data\ecg_reconstruction\test_data.csv,775536,2025-01-14T23:22:15
data\questionnaire_processed\build_meta.json,32508,2026-01-21T23:57:11
data\questionnaire_processed\label.csv,1037,2026-01-21T23:45:45
data\questionnaire_processed\modalities-EEGonly.json,46,2026-02-11T16:22:32
data\questionnaire_processed\modalities.json,175,2026-02-11T16:07:59
data\questionnaire_processed\nn_dataset_subject_level.npz,1281467,2026-01-21T23:57:11
data\questionnaire_processed\nn_dataset_subject_level_5min.npz,448076,2026-01-29T01:35:18
data\questionnaire_processed\sleep_questionnaires_scores_one_row_per_subject.xlsx,11466,2026-01-21T23:24:13
data\questionnaire_processed\sleep_questionnaires_scores_one_row_per_subject_class.xlsx,11208,2026-03-04T14:14:28
data\sleep_stage_demo_subset\meta.json,675,2026-09-14T21:53:53
data\sleep_stage_demo_subset\sid.npy,1408,2026-09-14T21:53:53
data\sleep_stage_demo_subset\X.npy,15360128,2026-09-14T21:53:53
data\sleep_stage_demo_subset\y.npy,1408,2026-09-14T21:53:53
data\sleep_stage_processed\meta.json,2345,2026-01-13T21:29:12
data\sleep_stage_processed\sid.npy,46416,2026-01-13T21:29:12
data\sleep_stage_processed\y.npy,46416,2026-01-13T21:29:12
models\ecg_reconstruction\best_model.pth,817826,2025-11-18T20:18:03
models\sleep_stage\stage1_n1_vs_rest.pt,2987658,2026-03-05T15:19:14
models\sleep_stage\stage2_rest4.pt,2987480,2026-03-05T15:21:09
README.md,4660,2026-09-14T22:18:39
README_repro_artifacts.md,341,2026-09-14T22:08:48
requirements_repro.txt,163,2026-05-20T21:39:34
results\ecg_reconstruction\reproduction_outputs\test_data_figure_1_ear_data.png,208458,2026-09-14T22:19:09
results\ecg_reconstruction\reproduction_outputs\test_data_figure_2_reconstruction_vs_ground_truth.png,385476,2026-09-14T22:19:09
results\ecg_reconstruction\reproduction_outputs\test_data_reconstruction.csv,1404035,2026-09-14T22:19:09
results\sleep_stage_demo\confusion_matrix.png,28109,2026-09-14T22:19:09
results\sleep_stage_demo\metrics.json,1308,2026-09-14T22:19:09
results\sleep_stage_demo\predictions.csv,2944,2026-09-14T22:19:09
