True ECG,Predicted ECG
-0.11117,-0.026923858
-0.11532,-0.024856046
-0.1191,-0.024316534
-0.12246,-0.025395423
-0.12523,-0.027823031
-0.12745,-0.031329334
-0.12915,-0.035686255
-0.13039,-0.040746033
-0.13128,-0.045502126
-0.13182,-0.04967755
-0.13218,-0.054171324
-0.13248,-0.055936724
-0.13281,-0.05481328
-0.13326,-0.050480172
-0.13379,-0.0454008
-0.13446,-0.039126918
-0.13527,-0.03177893
-0.13617,-0.02422662
-0.13715,-0.016674414
-0.13806,-0.009481698
-0.13891,-0.0033586398
-0.13964,-0.00029011816
-0.14026,0.0014965758
-0.14078,0.0018423647
-0.14119,0.00068965554
-0.14158,-0.0019039065
-0.14202,-0.0073239356
-0.14263,-0.015056029
-0.14351,-0.023867011
-0.1447,-0.03330739
-0.14629,-0.04378186
-0.1483,-0.055776313
-0.15075,-0.08053774
-0.15358,-0.09990767
-0.15669,-0.11120686
-0.15996,-0.11346631
-0.16325,-0.10636389
-0.1664,-0.089899585
-0.16921,-0.064719334
-0.17152,-0.046412796
-0.17321,-0.03426954
-0.17421,-0.022338517
-0.17444,-0.009931259
-0.17389,0.00045914203
-0.17259,0.008009404
-0.17069,0.014809862
-0.1683,0.020699628
-0.16559,0.025322646
-0.1627,0.02828005
-0.15981,0.029487036
-0.1571,0.028943852
-0.15468,0.026650518
-0.15263,0.02272746
-0.15098,0.017416403
-0.14974,0.011231244
-0.14887,0.0043207034
-0.1483,-0.0030411482
-0.14792,-0.0141569
-0.14756,-0.024856046
-0.14717,-0.034674466
-0.14663,-0.043882996
-0.14587,-0.051924497
-0.14482,-0.061813265
-0.14339,-0.06923856
-0.1417,-0.06956144
-0.13977,-0.06342767
-0.13764,-0.05465284
-0.13539,-0.047930777
-0.13302,-0.0426687
-0.1307,-0.037305444
-0.12844,-0.032588035
-0.12624,-0.029081687
-0.12409,-0.026564136
-0.12188,-0.025305562
-0.11966,-0.025125727
-0.1173,-0.026024774
-0.1147,-0.027823031
-0.11178,-0.030070662
-0.10841,-0.032588035
-0.10466,-0.03507921
-0.10051,-0.037103042
-0.09599,-0.038317412
-0.09118,-0.03851968
-0.08615,-0.03771028
-0.08119,-0.03588882
-0.07642,-0.033397257
-0.07202,-0.030699894
-0.06813,-0.027912855
-0.06482,-0.025395423
-0.06233,-0.023507357
-0.06059,-0.022428438
-0.05956,-0.022518396
-0.05913,-0.023687206
-0.05907,-0.026114702
-0.0593,-0.02953118
-0.05952,-0.03386496
-0.05945,-0.039228067
-0.05886,-0.04479374
-0.05748,-0.050480172
-0.0553,-0.0576168
-0.05221,-0.06794727
-0.0482,-0.07278973
-0.04335,-0.0718213
-0.03776,-0.06439635
-0.03183,-0.053368896
-0.0258,-0.04529968
-0.01996,-0.03669828
-0.01458,-0.02728355
-0.00984,-0.017123856
-0.00609,-0.0061550513
-0.00338,0.0020729601
-0.0017,0.009162143
-0.00094,0.015905425
-0.000818,0.022184312
-0.00117,0.027495429
-0.00158,0.031599447
-0.00164,0.03418376
-0.000959,0.03465349
0.000858,0.034589436
0.00399,0.033832565
0.00866,0.030814812
0.01494,0.026650518
0.02273,0.02164115
0.03182,0.016118713
0.04174,0.010539636
0.05209,0.0050700605
0.06234,0.000113368034
0.07195,-0.004626721
0.08033,-0.0093918
0.08691,-0.012358762
0.09136,-0.0130779445
0.09347,-0.011639506
0.09311,-0.007953256
0.09035,-0.002660185
0.08537,0.0020729601
0.07865,0.00760597
0.07072,0.01369226
0.06216,0.020168528
0.0536,0.026771173
0.04563,0.033108335
0.03888,0.035763785
0.03379,0.037514567
0.03068,0.038987797
0.0297,0.040098082
0.0308,0.04088809
0.0338,0.04135783
0.03837,0.041507293
0.04405,0.04142187
0.05032,0.041122958
0.05658,0.040631864
0.06228,0.040034052
0.06695,0.03937214
0.07022,0.03868888
0.07181,0.03800565
0.07165,0.037322406
0.06978,0.036724553
0.0664,0.036190774
0.06183,0.035763785
0.0565,0.035422117
0.0509,0.035165917
0.04548,0.03499511
0.04069,0.0349097
0.03689,0.034867004
0.0344,0.034867004
0.03333,0.034824308
0.03371,0.03476021
0.03541,0.034589436
0.03821,0.034290526
0.04185,0.033530727
0.0459,0.031901196
0.05,0.029909603
0.05378,0.027555749
0.05694,0.024960592
0.05928,0.022305012
0.06066,0.019733973
0.06108,0.017500922
0.06065,0.015836254
0.05959,0.0148485005
0.05814,0.014669761
0.05667,0.015395433
0.0555,0.017017797
0.05493,0.019577086
0.0552,0.022908568
0.05645,0.026710764
0.05874,0.030814812
0.06199,0.034375913
0.06602,0.035699703
0.07054,0.036831327
0.07516,0.03764268
0.07944,0.038112402
0.083,0.03821915
0.08545,0.037941612
0.08647,0.037343737
0.08582,0.036489714
0.0834,0.03544346
0.0793,0.034333196
0.07371,0.03178054
0.06693,0.029124916
0.05937,0.027133316
0.05156,0.025865853
0.04403,0.025564112
0.03731,0.026167661
0.03184,0.027555749
0.02799,0.02966813
0.02605,0.03220296
0.0261,0.03441862
0.02807,0.035400767
0.03176,0.036276218
0.03681,0.037023485
0.0428,0.03753592
0.04915,0.037813444
0.05532,0.0378562
0.06078,0.037685364
0.06504,0.037322406
0.06774,0.036852654
0.0686,0.03634025
0.06752,0.035849158
0.06456,0.03544346
0.05997,0.035165917
0.05407,0.03505917
0.04733,0.03514458
0.04023,0.035400767
0.03333,0.03580646
0.02718,0.036297567
0.02226,0.03678865
0.01894,0.037237007
0.01745,0.03753592
0.01793,0.037621323
0.02037,0.037429165
0.02459,0.03687403
0.03033,0.03597727
0.0372,0.034717545
0.04477,0.03135799
0.05255,0.026107326
0.06008,0.020361684
0.06695,0.01457005
0.07281,0.00910455
0.07739,0.0041478574
0.08047,0.00022859126
0.08204,-0.0024695843
0.08212,-0.0036376342
0.08085,-0.0027870536
0.0784,-5.954504e-05
0.07498,0.004551232
0.07087,0.010908484
0.06634,0.01888299
0.06162,0.028340377
0.05691,0.03565703
0.05235,0.03928671
0.04804,0.042766973
0.04406,0.045884304
0.04042,0.04842201
0.0371,0.05024846
0.03408,0.0512447
0.03132,0.05136925
0.02878,0.05064287
0.02648,0.04908618
0.02441,0.04682379
0.02263,0.04389855
0.02123,0.04054644
0.02026,0.03700213
0.0198,0.032263294
0.01995,0.022667155
0.02075,0.014095679
0.02229,0.0069719777
0.02449,0.0012660176
0.02728,-0.0030411482
0.03054,-0.0072339475
0.03414,-0.009571575
0.03789,-0.010290846
0.04153,-0.009751476
0.04483,-0.008582607
0.04757,-0.007054195
0.0496,-0.0057055578
0.05075,-0.0047164783
0.05098,-0.004267052
0.05028,-0.004356906
0.04872,-0.0050762
0.04648,-0.0062449872
0.04375,-0.0073239356
0.0408,-0.008402869
0.03792,-0.009121999
0.03541,-0.0093918
0.03354,-0.008942306
0.03251,-0.007773474
0.03249,-0.005975321
0.03355,-0.0037275106
0.03569,-0.0019039065
0.03883,-0.00034778565
0.04273,0.0011508241
0.04716,0.0022458434
0.05183,0.0028797984
0.05641,0.0030527562
0.06059,0.0025916845
0.06405,0.0016118437
0.06657,0.00022859126
0.068,-0.0015005246
0.06826,-0.0034220368
0.06739,-0.0061550513
0.0655,-0.008492649
0.0628,-0.010200918
0.05959,-0.011100076
0.05617,-0.010920227
0.05285,-0.0096615255
0.04997,-0.0073239356
0.0478,-0.0039972663
0.04657,-0.0010969937
0.04639,0.0019000322
0.04727,0.0051276386
0.04914,0.008412838
0.05185,0.0115771
0.05514,0.014505476
0.05871,0.017092735
0.06221,0.0194081
0.06529,0.021218657
0.06763,0.022667155
0.06899,0.023632787
0.06916,0.02441743
0.06807,0.024960592
0.06571,0.02550377
0.06223,0.026167661
0.05782,0.027133316
0.05277,0.028461024
0.04744,0.030211315
0.04222,0.032444365
0.03747,0.03446133
0.03354,0.035592947
0.0307,0.036831327
0.02914,0.038091023
0.02899,0.03932946
0.03023,0.040461075
0.03273,0.04140051
0.0363,0.042083733
0.04064,0.04238266
0.04541,0.042297307
0.05023,0.04176349
0.05472,0.040802673
0.05854,0.039414823
0.06141,0.03766402
0.0631,0.03561429
0.0635,0.03208229
0.06257,0.02550377
0.06041,0.018967442
0.05717,0.012977578
0.05311,0.0076635927
0.04853,0.0031680092
0.04376,-0.0005206764
0.03912,-0.0034220368
0.03497,-0.0063349456
0.03156,-0.008133136
0.02911,-0.009211957
0.02776,-0.009931259
0.02755,-0.010470659
0.02848,-0.01136978
0.03042,-0.012628496
0.03321,-0.01469636
0.03661,-0.01757349
0.04039,-0.021079853
0.04428,-0.024856046
0.04805,-0.028632157
0.05146,-0.032048643
0.05437,-0.034674466
0.05666,-0.035989955
0.05824,-0.03518042
0.05915,-0.032138586
0.05944,-0.026923858
0.05922,-0.019371584
0.05859,-0.009481698
0.05766,0.0003438592
0.05658,0.00893157
0.05545,0.018182859
0.05437,0.02809894
0.05334,0.035400767
0.05235,0.03862482
0.05134,0.0414859
0.05026,0.04387729
0.049,0.045713473
0.04745,0.046973225
0.04551,0.047591824
0.0431,0.04757105
0.04021,0.04701592
0.03684,0.04596969
0.03306,0.04451782
0.02901,0.042724267
0.02487,0.040695906
0.02086,0.038560767
0.01721,0.03642568
0.01415,0.034311827
0.0119,0.02906461
0.01072,0.023753464
0.01069,0.019003779
0.01186,0.014931425
0.01422,0.011479028
0.01762,0.008528098
0.02192,0.0059921592
0.02684,0.0037443638
0.03203,0.0018423647
0.03713,-1.9669533e-06
0.04172,-0.0017309934
0.04549,-0.0037275106
0.04811,-0.006784484
0.04932,-0.010111049
0.04896,-0.013797261
0.04689,-0.017753273
0.04321,-0.021799095
0.03805,-0.026024774
0.03165,-0.030160546
0.02429,-0.034067303
0.0163,-0.037912622
0.00814,-0.040746033
0.000206,-0.042466268
-0.00715,-0.043073505
-0.0136,-0.04226385
-0.01891,-0.039936483
-0.02288,-0.036293447
-0.02546,-0.03150913
-0.0267,-0.026204586
-0.0267,-0.020180777
-0.02566,-0.013707414
-0.02381,-0.007144071
-0.0215,-0.0016157776
-0.01902,0.0021882206
-0.01667,0.0056463033
-0.01467,0.008585736
-0.0132,0.010902643
-0.01246,0.012677908
-0.0125,0.013899796
-0.01327,0.014654286
-0.01463,0.015035257
-0.0164,0.015097126
-0.01842,0.0149666
-0.02045,0.014736675
-0.02223,0.01448296
-0.02343,0.014280081
-0.0239,0.01412458
-0.0235,0.014066845
-0.02214,0.014136046
-0.01976,0.014326267
-0.01631,0.01463519
-0.01196,0.015051484
-0.00684,0.015623048
-0.00112,0.016383879
0.00503,0.017362066
0.01147,0.018581204
0.01792,0.020023681
0.02426,0.02170153
0.03038,0.023572452
0.03622,0.025624484
0.04173,0.027676538
0.04684,0.029607713
0.05161,0.03129773
0.05609,0.032565072
0.06033,0.033228964
0.06433,0.033168655
0.06804,0.03220296
0.07151,0.030332014
0.07471,0.027495429
0.07755,0.023753464
0.07992,0.019251183
0.08162,0.014297396
0.08259,0.00910455
0.08275,0.0038595498
0.08199,-0.0012123138
0.08028,-0.007144071
0.07755,-0.012988105
0.07392,-0.017213747
0.06955,-0.019731179
0.06462,-0.020270638
0.05939,-0.018742174
0.0541,-0.015235752
0.04908,-0.009841315
0.04464,-0.0031681955
0.04105,0.002130583
0.03858,0.0078940615
0.03739,0.0139977485
0.03755,0.020283222
0.03908,0.026529767
0.0419,0.032384083
0.04588,0.035315398
0.05076,0.03687403
0.05626,0.038133733
0.06203,0.03903051
0.06776,0.039564304
0.07312,0.039756455
0.07782,0.0395856
0.08165,0.03911589
0.08444,0.038368605
0.08611,0.037407797
0.08662,0.036297567
0.08607,0.0350805
0.08461,0.03341006
0.08243,0.030090615
0.07972,0.027072862
0.07668,0.02447781
0.07354,0.022486106
0.0705,0.021158263
0.0677,0.020494416
0.06522,0.020512566
0.0631,0.021097973
0.06131,0.022184312
0.05982,0.023632787
0.05852,0.025202014
0.05732,0.0268315
0.05615,0.02828005
0.05486,0.029426746
0.0534,0.03015098
0.05175,0.03045272
0.04994,0.030211315
0.04809,0.029426746
0.04625,0.02821967
0.04454,0.026650518
0.04308,0.024779528
0.04207,0.022667155
0.04176,0.020488352
0.04217,0.018279478
0.04335,0.016147494
0.04531,0.01414182
0.04806,0.012239814
0.05166,0.010493517
0.05594,0.00893157
0.06078,0.00754831
0.06602,0.006395668
0.07154,0.005588725
0.07721,0.0050700605
0.08304,0.005012393
0.08909,0.00547342
0.09538,0.0065685213
0.10187,0.008297607
0.10834,0.010620333
0.11526,0.013640434
0.12278,0.017253436
0.13099,0.021520466
0.13963,0.026046902
0.14787,0.03045272
0.15606,0.034247827
0.16377,0.0354862
0.17048,0.036361624
0.17521,0.03680996
0.17627,0.03666051
0.1734,0.035913207
0.16557,0.034482718
0.15188,0.029366374
0.13129,0.02170153
0.10254,0.012551062
0.06568,0.0023034662
0.02051,-0.012178831
-0.03279,-0.030610114
-0.09367,-0.052727044
-0.16117,-0.11597629
-0.23355,-0.20199317
-0.30926,-0.30311993
-0.38638,-0.39814952
-0.46251,-0.47944006
-0.53478,-0.545274
-0.6006,-0.5945064
-0.65809,-0.62630415
-0.70541,-0.63495314
-0.74057,-0.63550293
-0.76159,-0.62807214
-0.76754,-0.59908605
-0.75884,-0.5550059
-0.73604,-0.49947682
-0.69972,-0.43364277
-0.65073,-0.3569322
-0.59091,-0.27277908
-0.5231,-0.19026318
-0.4499,-0.119016856
-0.37367,-0.06310494
-0.29665,-0.038823307
-0.22146,-0.022967875
-0.15057,-0.008133136
-0.08587,0.0028222352
-0.02874,0.011467554
0.01995,0.019673586
0.05927,0.027374685
0.08942,0.034205094
0.11086,0.03642568
0.12427,0.03841131
0.13075,0.0401194
0.13089,0.041571338
0.12672,0.042766973
0.11977,0.043749172
0.11125,0.04451782
0.10233,0.0450516
0.09325,0.04530782
0.08546,0.045350485
0.07958,0.045136966
0.07577,0.044688623
0.07394,0.043984022
0.07329,0.0430232
0.07389,0.041827545
0.07541,0.04043972
0.07728,0.03888106
0.07897,0.03719432
0.07973,0.035400767
0.07941,0.03274618
0.07785,0.027676538
0.07502,0.022848248
0.071,0.018394187
0.06598,0.014614977
0.0603,0.011525169
0.05435,0.009162143
0.04859,0.00760597
0.04349,0.006914325
0.03951,0.007144809
0.03691,0.008297607
0.03587,0.010286018
0.03649,0.0130640045
0.03874,0.01647605
0.04252,0.02059707
0.04753,0.025081247
0.0534,0.029607713
0.05973,0.03401354
0.06607,0.035422117
0.07202,0.036553744
0.0772,0.03730103
0.08131,0.037621323
0.08412,0.037429165
0.08545,0.0367032
0.08531,0.03544346
0.08377,0.032987565
0.08099,0.02689188
0.07718,0.0198849
0.07258,0.012660533
0.06752,0.005588725
0.06228,-0.0010393932
0.05714,-0.008672535
0.05232,-0.015415624
0.04801,-0.019461498
0.04434,-0.020450518
0.0414,-0.018382624
0.0392,-0.013167903
0.0377,-0.0052560717
0.03686,0.001957655
0.03658,0.009479135
0.03677,0.017434508
0.03733,0.025624484
0.03816,0.033168655
0.03917,0.03597727
0.04032,0.037621323
0.04154,0.03858215
0.04278,0.03881702
0.04403,0.038325917
0.04522,0.037151605
0.04639,0.035422117
0.04745,0.031840913
0.04836,0.025202014
0.04906,0.018351823
0.04946,0.012061112
0.04953,0.0065685213
0.04921,0.002130583
0.04842,-0.0010393932
0.04713,-0.002977647
0.0453,-0.0037275106
0.04298,-0.0031046197
0.04024,-0.0017309934
0.03716,5.571544e-05
0.03385,0.0019000322
0.03041,0.0035137981
0.02705,0.004493661
0.02393,0.004551232
0.02119,0.0035715103
0.01895,0.0014389306
0.01727,-0.0017309934
0.01625,-0.0072339475
0.01587,-0.014516532
0.01608,-0.022338517
0.01675,-0.029980808
0.01771,-0.037103042
0.01883,-0.043073505
0.01987,-0.046716437
0.02062,-0.04762715
0.02087,-0.0454008
0.02043,-0.04003766
0.01922,-0.03177893
0.01713,-0.021888979
0.01413,-0.009931259
0.0103,0.0009778738
0.00573,0.009761497
0.000652,0.018406168
-0.00476,0.026590116
-0.01027,0.033470362
-0.0156,0.03565703
-0.02045,0.036724553
-0.02457,0.036959432
-0.02779,0.036361624
-0.02995,0.034952395
-0.03096,0.030694127
-0.03075,0.023270726
-0.02931,0.015061155
-0.02678,0.0068567023
-0.02329,-0.0009817481
-0.01901,-0.010380745
-0.01415,-0.018562362
-0.0089,-0.023507357
-0.00349,-0.024766088
0.00187,-0.022158638
0.007,-0.015685402
0.01166,-0.005795464
0.01579,0.0033408478
0.01929,0.012775861
0.02209,0.023149952
0.02411,0.033651423
0.02525,0.03736507
0.02555,0.04029023
0.02503,0.042510774
0.02368,0.043855917
0.02149,0.044282936
0.01839,0.043749172
0.01445,0.042297307
0.00974,0.040034052
0.00431,0.037130218
-0.00181,0.033228964
-0.00857,0.023089617
-0.01578,0.013029486
-0.02329,0.0037443638
-0.03092,-0.0053458884
-0.03848,-0.016134903
-0.04583,-0.024406403
-0.05267,-0.02989076
-0.05884,-0.032498136
-0.0642,-0.032498136
-0.06864,-0.030160546
-0.07211,-0.025755085
-0.07448,-0.019911036
-0.07587,-0.0130779445
-0.07641,-0.0057055578
-0.07625,-5.954504e-05
-0.07561,0.004493661
-0.07459,0.008643374
-0.07349,0.012257114
-0.07255,0.015231729
-0.07198,0.017585441
-0.072,0.019396052
-0.07256,0.020657405
-0.07378,0.021460056
-0.07569,0.021882549
-0.07822,0.022063613
-0.08134,0.022124015
-0.08476,0.022124015
-0.08839,0.022244744
-0.09206,0.022486106
-0.09566,0.022908568
-0.09909,0.02351217
-0.1022,0.024175942
-0.10498,0.025020882
-0.10748,0.025865853
-0.10975,0.026650518
-0.11193,0.02725403
-0.11408,0.027555749
-0.11635,0.027555749
-0.11887,0.027133316
-0.12176,0.026348665
-0.12507,0.025020882
-0.12872,0.023331076
-0.13271,0.021339417
-0.13691,0.019154608
-0.14117,0.016867965
-0.14532,0.014695674
-0.14901,0.012695178
-0.15207,0.010977685
-0.15432,0.009605877
-0.1556,0.008643374
-0.15584,0.008009404
-0.15494,0.007721238
-0.15303,0.007721238
-0.15029,0.007721238
-0.14695,0.007721238
-0.14334,0.00754831
-0.13978,0.0069719777
-0.13668,0.0059921592
-0.13442,0.0044360086
-0.13331,0.002361089
-0.13358,-0.00011718273
-0.13536,-0.0030411482
-0.1387,-0.007503763
-0.14351,-0.012089044
-0.14957,-0.016224794
-0.15652,-0.019641295
-0.1639,-0.021799095
-0.17124,-0.022698201
-0.17802,-0.022068806
-0.18374,-0.019911036
-0.1879,-0.016314805
-0.19013,-0.01136978
-0.1902,-0.005525686
-0.18801,-0.0005206764
-0.1836,0.0037443638
-0.17718,0.0078940615
-0.16911,0.011686549
-0.15989,0.01489909
-0.1501,0.017410412
-0.14033,0.019202799
-0.13121,0.020174533
-0.12335,0.020355627
-0.11726,0.0198849
-0.11329,0.01892525
-0.11165,0.017669931
-0.11239,0.01636076
-0.11542,0.015152216
-0.12045,0.014187954
-0.12705,0.013594344
-0.13469,0.013444446
-0.1427,0.013778672
-0.15054,0.014538363
-0.15756,0.015692256
-0.16323,0.017150834
-0.16712,0.018888988
-0.16883,0.020723768
-0.16833,0.022486106
-0.16558,0.024055265
-0.16076,0.025322646
-0.15411,0.026288345
-0.14596,0.0268315
-0.13689,0.027012587
-0.12738,0.026771173
-0.11791,0.02622798
-0.1089,0.025383048
-0.10065,0.02447781
-0.09355,0.02351217
-0.08773,0.022606775
-0.08323,0.02200327
-0.07995,0.021761827
-0.07767,0.02200327
-0.07626,0.022848248
-0.07541,0.02435708
-0.07481,0.026469447
-0.07416,0.029245697
-0.07315,0.032565072
-0.07174,0.034845658
-0.06975,0.036233507
-0.06713,0.03764268
-0.06392,0.038987797
-0.06013,0.040183503
-0.0561,0.041122958
-0.05192,0.041784856
-0.04774,0.042105127
-0.04371,0.042083733
-0.0399,0.041656733
-0.03653,0.040909443
-0.03354,0.039884564
-0.03086,0.03864616
-0.02836,0.03730103
-0.02586,0.03589185
-0.02329,0.034589436
-0.02042,0.032263294
-0.01707,0.029728584
-0.01311,0.027978212
-0.00846,0.027133316
-0.00321,0.027072862
0.00259,0.027857497
0.00881,0.029245697
0.01522,0.030935511
0.02155,0.03268578
0.02738,0.034162402
0.03247,0.034546744
0.03654,0.034674846
0.03935,0.034482718
0.04075,0.03359114
0.04055,0.030875154
0.03884,0.027133316
0.03578,0.022365376
0.03159,0.016844906
0.02663,0.010983378
0.02116,0.00483948
0.01567,-0.0013275892
0.01056,-0.0096615255
0.00625,-0.018202871
0.00314,-0.025665134
0.0014,-0.03159906
0.00122,-0.03609118
0.00265,-0.038823307
0.00565,-0.03932938
0.01015,-0.03760904
0.01582,-0.03376369
0.02236,-0.028542183
0.02945,-0.021979019
0.03675,-0.014066935
0.04396,-0.0054358393
0.05076,0.0012660176
0.05695,0.007029578
0.06241,0.012522288
0.06707,0.017416403
0.07094,0.02170153
0.0741,0.02490025
0.07671,0.0268315
0.07896,0.027495429
0.08098,0.0268315
0.08286,0.025141641
0.08469,0.022486106
0.08655,0.019251183
0.08842,0.015801728
0.09017,0.0125625655
0.0916,0.009865254
0.09245,0.008009404
0.09257,0.0073753744
0.09172,0.008124694
0.08971,0.010481864
0.08636,0.014395446
0.08158,0.019866735
0.07544,0.026771173
0.06811,0.034290526
0.0598,0.037279688
0.05087,0.04029023
0.04173,0.043151297
0.03284,0.045713473
0.02466,0.047820114
0.01764,0.049314503
0.01222,0.050144713
0.00873,0.050289966
0.00731,0.049771093
0.00802,0.048608847
0.01081,0.046866454
0.0155,0.044603217
0.02179,0.042019714
0.02923,0.039201327
0.03731,0.03634025
0.04555,0.032504708
0.05345,0.025081247
0.06059,0.018442422
0.06654,0.012977578
0.07105,0.008643374
0.07395,0.005415775
0.0752,0.0032832772
0.07489,0.0022458434
0.07324,0.0021882206
0.0705,0.0028797984
0.06702,0.004263088
0.06315,0.0061650574
0.05924,0.008470446
0.05565,0.010994881
0.05262,0.013611615
0.05035,0.016234018
0.04893,0.018864982
0.04834,0.021460056
0.04852,0.023934558
0.04934,0.02622798
0.0506,0.028400779
0.05207,0.030392379
0.05349,0.032323755
0.05468,0.034098353
0.05546,0.034696165
0.05573,0.035272658
0.05544,0.03578515
0.05461,0.036212128
0.05331,0.03653238
0.05167,0.03674592
0.04986,0.03676727
0.04808,0.036575083
0.04652,0.03614809
0.04533,0.0354862
0.04461,0.034546744
0.04444,0.03208229
0.04488,0.028159276
0.04587,0.023753464
0.04735,0.019106224
0.04918,0.014552206
0.05122,0.010314822
0.05331,0.0065685213
0.0553,0.0035715103
0.05708,0.0014389306
0.05855,0.00045914203
0.05965,0.00057436526
0.06036,0.0018423647
0.06071,0.0041478574
0.06075,0.0073177367
0.06057,0.0110064
0.06027,0.014975771
0.0599,0.01898563
0.05956,0.022667155
0.05926,0.025684766
0.05903,0.027616195
0.05884,0.028461024
0.05864,0.028159276
0.05834,0.026771173
0.05787,0.02435708
0.05715,0.021278992
0.0561,0.01779057
0.05469,0.014458805
0.05293,0.011536688
0.05089,0.009335026
0.04868,0.008124694
0.04643,0.008182362
0.04425,0.009571314
0.04238,0.012314789
0.04098,0.016337752
0.0402,0.02164115
0.04012,0.027857497
0.04074,0.034247827
0.04204,0.03666051
0.04388,0.038945097
0.04606,0.041016188
0.04831,0.042724267
0.05033,0.043984022
0.0518,0.04471
0.0524,0.04485943
0.05187,0.044453777
0.05003,0.043492943
0.0468,0.04204107
0.04222,0.04016215
0.03645,0.037941612
0.02974,0.035507545
0.02247,0.030875154
0.01514,0.023632787
0.00826,0.016718075
0.00232,0.010677889
-0.0022,0.00547342
-0.0049,0.0012083799
-0.00548,-0.0018462986
-0.00378,-0.0039972663
0.000146,-0.0048065037
0.0061,-0.0038175434
0.01377,-0.0018462986
0.02272,0.0008626133
0.03234,0.0043207034
0.04199,0.00835526
0.05104,0.012625925
0.05892,0.01691407
0.06516,0.021158263
0.06935,0.025020882
0.07131,0.02821967
0.07101,0.030633792
0.06861,0.032323755
0.06443,0.033108335
0.05892,0.033228964
0.05267,0.03268578
0.04629,0.031599447
0.04039,0.03015098
0.03554,0.02852147
0.0322,0.026771173
0.03072,0.025081247
0.03127,0.02351217
0.03386,0.022063613
0.03829,0.02076611
0.04419,0.019583076
0.0511,0.018472612
0.05851,0.017380178
0.06579,0.016314648
0.07233,0.01525943
0.07759,0.014182135
0.08115,0.013144717
0.08274,0.012239814
0.0822,0.011588573
0.07954,0.011352211
0.07497,0.011651918
0.06884,0.012614459
0.06158,0.014343508
0.05371,0.016896829
0.04577,0.020415984
0.03833,0.024719208
0.03184,0.02966813
0.02668,0.03441862
0.0231,0.036361624
0.02123,0.038283207
0.02105,0.040034052
0.02238,0.041507293
0.02497,0.04266024
0.02846,0.04338618
0.03248,0.043663792
0.03661,0.04347157
0.04047,0.04283104
0.04375,0.041784856
0.04624,0.04043972
0.04778,0.038902413
0.04842,0.037258346
0.04821,0.03565703
0.04732,0.034205094
0.046,0.031176962
0.04448,0.029004216
0.04309,0.028038666
0.04204,0.02858182
0.0415,0.030573405
0.04157,0.034073927
0.04228,0.035763785
0.04353,0.0378562
0.04516,0.04024752
0.04692,0.04283104
0.04855,0.04547862
0.04981,0.04802763
0.05036,0.050310757
0.05002,0.05226174
0.04865,0.053776916
0.04623,0.054752365
0.04289,0.05510521
0.03875,0.0548354
0.03413,0.05396366
0.02939,0.052469257
0.02495,0.050476793
0.02129,0.04802763
0.0188,0.04522244
0.01785,0.042233225
0.01868,0.039222665
0.02146,0.03634025
0.02618,0.033108335
0.03273,0.026771173
0.0408,0.021761827
0.05001,0.018219084
0.05986,0.01619941
0.06976,0.015583754
0.07912,0.016193673
0.08738,0.017796665
0.09406,0.020162523
0.09874,0.022908568
0.10111,0.025745198
0.10103,0.028400779
0.09857,0.030573405
0.09392,0.03208229
0.08739,0.032927133
0.07938,0.032987565
0.07043,0.032384083
0.06115,0.03129773
0.05211,0.029849209
0.04383,0.02821967
0.03676,0.026590116
0.03127,0.025202014
0.0276,0.024115637
0.02585,0.02351217
0.02596,0.023331076
0.02775,0.023572452
0.03092,0.024055265
0.03508,0.024779528
0.03978,0.025564112
0.04458,0.02622798
0.04903,0.026590116
0.05275,0.026650518
0.05539,0.026167661
0.05674,0.025262281
0.0567,0.023874179
0.05528,0.022063613
0.05266,0.019969374
0.04903,0.017645761
0.04468,0.015319958
0.03998,0.0130871385
0.03527,0.011075631
0.03099,0.009415686
0.02745,0.008182362
0.0249,0.0074907094
0.02349,0.007433057
0.02328,0.007951781
0.02429,0.009162143
0.02639,0.010994881
0.02935,0.0134559125
0.0329,0.016470246
0.03665,0.020059928
0.04029,0.024055265
0.04347,0.02828005
0.04589,0.032565072
0.04729,0.03499511
0.04743,0.03634025
0.04629,0.03747188
0.04385,0.038347267
0.04021,0.03888106
0.03552,0.03903051
0.02997,0.038774293
0.02393,0.038112402
0.01768,0.037023485
0.01153,0.035571605
0.00574,0.033349656
0.000519,0.027857497
-0.00388,0.02200327
-0.00738,0.01620514
-0.00994,0.010971874
-0.01161,0.006337926
-0.01253,0.0025916845
-0.01278,-5.954504e-05
-0.0126,-0.0015580803
-0.01222,-0.0017886162
-0.01184,-0.0008664131
-0.01166,0.0010931641
-0.0118,0.003917344
-0.01244,0.0073753744
-0.01362,0.011173546
-0.01536,0.015029438
-0.01756,0.018720075
-0.02009,0.022063613
-0.02288,0.024658881
-0.02575,0.026409075
-0.0285,0.02725403
-0.03087,0.027133316
-0.03272,0.026107326
-0.03393,0.024236307
-0.0344,0.021761827
-0.03404,0.018707968
-0.03272,0.015434548
-0.03054,0.012118876
-0.02755,0.008873925
-0.02385,0.005819209
-0.01952,0.0031680092
-0.01458,0.0009202659
-0.00926,-0.00075124204
-0.00368,-0.0018462986
0.00207,-0.0023426712
0.00791,-0.0022156239
0.01382,-0.0015580803
0.01966,-0.000405401
0.02541,0.0010931641
0.03105,0.0028222352
0.03659,0.00472416
0.04204,0.006510839
0.0473,0.008182362
0.05239,0.009577125
0.0573,0.010528043
0.062,0.010954574
0.06644,0.010787457
0.07046,0.010026604
0.07408,0.008643374
0.07726,0.006741412
0.07994,0.0043207034
0.08206,0.0014965758
0.08351,-0.0015005246
0.08437,-0.0054358393
0.08468,-0.010290846
0.08449,-0.014786281
0.08383,-0.018832132
0.08275,-0.022338517
0.08139,-0.025035799
0.0799,-0.027013764
0.07837,-0.02809269
0.07689,-0.02827248
0.0755,-0.027643144
0.07431,-0.026204586
0.07335,-0.023956887
0.07263,-0.020899951
0.07213,-0.017123856
0.07179,-0.012628496
0.07156,-0.00741376
0.07138,-0.0022791624
0.07117,0.0017846823
0.07085,0.0060497746
0.07038,0.010424361
0.06972,0.014795944
0.06885,0.019082084
0.06779,0.023149952
0.06657,0.026710764
0.06526,0.029607713
0.06394,0.031659767
0.06268,0.03286676
0.06157,0.033168655
0.06067,0.032625422
0.06008,0.03129773
0.05981,0.029487036
0.05986,0.027435035
0.06021,0.025322646
0.06081,0.02351217
0.0616,0.022244744
0.06248,0.021822229
0.06334,0.022365376
0.06407,0.024055265
0.06457,0.026771173
0.06478,0.030513078
0.06464,0.03441862
0.06415,0.036212128
0.06331,0.03806969
0.06215,0.039841842
0.06076,0.04142187
0.05923,0.0426816
0.05766,0.043492943
0.05617,0.043834552
0.05485,0.043599684
0.05376,0.042809706
0.05292,0.0414859
0.05232,0.03971377
0.05197,0.03757863
0.0519,0.035165917
0.05191,0.02996996
0.05187,0.022667155
0.05168,0.015767157
0.05127,0.009617478
0.05073,0.004263088
0.04994,-0.00017483532
0.04896,-0.0039074123
0.0479,-0.0075936466
0.04695,-0.0096615255
0.0464,-0.010111049
0.04664,-0.009121999
0.04806,-0.0069642663
0.05104,-0.0037275106
0.05583,-0.0008664131
0.06243,0.0021882206
0.07144,0.0055310875
0.08295,0.009162143
0.09691,0.012937196
0.11286,0.016723894
0.12962,0.020482376
0.14717,0.024115637
0.1646,0.027555749
0.18091,0.030573405
0.19467,0.03304801
0.20374,0.034311827
0.20747,0.034610786
0.20458,0.03456807
0.194,0.034119718
0.17459,0.031599447
0.14508,0.027495429
0.10566,0.021822229
0.05636,0.014596075
-0.00233,0.0059921592
-0.06954,-0.0047164783
-0.14392,-0.022788115
-0.22345,-0.044186622
-0.30616,-0.103135645
-0.38982,-0.21068129
-0.47179,-0.3592218
-0.54895,-0.50749135
-0.61863,-0.6368779
-0.67887,-0.6992998
-0.7278,-0.75319684
-0.76349,-0.79692006
-0.78397,-0.82716835
-0.78846,-0.84256744
-0.77749,-0.84201753
-0.75172,-0.8257935
-0.71187,-0.7938949
-0.65885,-0.7468724
-0.59456,-0.6869254
-0.52196,-0.6076733
-0.44369,-0.4496719
-0.36219,-0.28537348
-0.27983,-0.14464833
-0.19922,-0.053689957
-0.12298,-0.02872201
-0.0531,-0.0110102
0.00885,0.0004015118
0.06176,0.005934544
0.10452,0.00835526
0.13715,0.007721238
0.15991,0.0044360086
0.17327,-0.0010969937
0.17812,-0.010830335
0.17494,-0.02323766
0.16579,-0.03609118
0.15222,-0.04924631
0.13556,-0.0756952
0.11722,-0.10023031
0.09769,-0.1131435
0.07883,-0.11249772
0.06169,-0.09764783
0.04687,-0.06956144
0.03482,-0.045704544
0.02519,-0.030789942
0.01846,-0.015505478
0.01461,-0.00063593686
0.01337,0.009755731
0.01434,0.01968573
0.01688,0.028702438
0.02064,0.034781575
0.02524,0.03666051
0.03034,0.03772808
0.03557,0.03800565
0.0407,0.037450496
0.04544,0.036169443
0.04964,0.03426915
0.05327,0.027917907
0.05628,0.02037976
0.05881,0.012747049
0.06076,0.0055310875
0.06217,-0.0009817481
0.06306,-0.008133136
0.0635,-0.0141569
0.06354,-0.017393611
0.06318,-0.017753273
0.06242,-0.015145928
0.06128,-0.009841315
0.05978,-0.0025331452
0.05793,0.0035715103
0.05582,0.01035516
0.05353,0.017434508
0.05116,0.024658881
0.04881,0.031237334
0.04661,0.035037816
0.0447,0.036511045
0.04324,0.037450496
0.04235,0.03783481
0.04212,0.03766402
0.0426,0.03700213
0.04381,0.035955943
0.04572,0.03465349
0.04824,0.031599447
0.05124,0.027555749
0.05456,0.023874179
0.05798,0.020892724
0.06128,0.01881057
0.06425,0.01777853
0.06668,0.017863058
0.0684,0.01896146
0.06928,0.020977259
0.06926,0.023693219
0.06833,0.026952274
0.06653,0.03045272
0.064,0.03401354
0.06093,0.035230003
0.05755,0.036297567
0.05408,0.03719432
0.05075,0.037941612
0.04784,0.03849672
0.04555,0.03888106
0.04406,0.039137263
0.04343,0.03926535
0.04368,0.03930806
0.04477,0.03928671
0.04655,0.03917998
0.04884,0.03903051
0.0514,0.038795635
0.05392,0.03849672
0.05612,0.038112402
0.05771,0.037600003
0.05843,0.03700213
0.05811,0.036297567
0.05664,0.0354862
0.05401,0.034589436
0.05028,0.032806456
0.04562,0.030090615
0.04027,0.027435035
0.03457,0.024960592
0.02892,0.022848248
0.02372,0.021097958
0.01934,0.01978229
0.01611,0.018943317
0.0143,0.018617474
0.01415,0.018750176
0.01571,0.019269243
0.01893,0.020090088
0.02365,0.021158263
0.0295,0.02242577
0.03617,0.023813903
0.04316,0.025322646
0.04997,0.02689188
0.05608,0.02852147
0.06091,0.030271657
0.06411,0.03220296
0.06532,0.034162402
0.06434,0.03497373
0.06108,0.035913207
0.05556,0.036916707
0.04805,0.03800565
0.03892,0.03917998
0.02859,0.040397007
0.01758,0.041614015
0.00641,0.042788338
-0.00428,0.04387729
-0.01396,0.04481672
-0.02221,0.045564048
-0.02871,0.04609781
-0.03329,0.046332657
-0.03577,0.046268623
-0.03629,0.045905653
-0.03505,0.04520104
-0.03239,0.044197552
-0.02878,0.04289513
-0.02457,0.04135783
-0.02034,0.039606977
-0.01658,0.037706744
-0.01369,0.03574239
-0.01207,0.033289272
-0.01186,0.027978212
-0.01325,0.023149952
-0.01625,0.01895547
-0.02074,0.0156461
-0.02652,0.013317645
-0.03318,0.011992022
-0.04039,0.01165773
-0.04777,0.012274414
-0.05493,0.0137441605
-0.06148,0.015928537
-0.06703,0.018738165
-0.07137,0.021942884
-0.07436,0.025202014
-0.07593,0.02828005
-0.0761,0.030995935
-0.07495,0.033168655
-0.07268,0.034311827
-0.06955,0.034610786
-0.06581,0.034674846
-0.06179,0.034525383
-0.0577,0.03418376
-0.05382,0.033168655
-0.05036,0.031720154
-0.04749,0.030332014
-0.04538,0.029004216
-0.04398,0.027978212
-0.04335,0.027133316
-0.04344,0.026590116
-0.04423,0.026167661
-0.04569,0.025805533
-0.04765,0.025383048
-0.05006,0.024658881
-0.05285,0.02351217
-0.056,0.021942884
-0.05951,0.019866735
-0.06331,0.017307803
-0.06739,0.014521092
-0.07173,0.011571303
-0.07635,0.008701049
-0.08125,0.0060497746
-0.08633,0.00409016
-0.0915,0.0028797984
-0.09669,0.002764538
-0.10178,0.0037443638
-0.1067,0.0058768243
-0.1112,0.009104505
-0.11519,0.013277285
-0.11855,0.01812853
-0.12121,0.023451775
-0.12317,0.028702438
-0.1243,0.033349656
-0.12473,0.03514458
-0.12458,0.03601994
-0.124,0.036318902
-0.12325,0.03601994
-0.12242,0.035101857
-0.12181,0.03274618
-0.12167,0.027012587
-0.12219,0.020252973
-0.12357,0.012948781
-0.12582,0.005588725
-0.12901,-0.0016157776
-0.13312,-0.010920227
-0.13805,-0.019551441
-0.14365,-0.026114702
-0.1496,-0.030340314
-0.15568,-0.03195873
-0.16165,-0.031239465
-0.16722,-0.028182521
-0.17215,-0.02323766
-0.17619,-0.016764238
-0.17924,-0.0093918
-0.18125,-0.0022156239
-0.18221,0.0025916845
-0.18218,0.006914325
-0.18126,0.01047048
-0.1797,0.013012223
-0.17773,0.014401153
-0.17556,0.014574677
-0.17337,0.013594344
-0.17136,0.011600152
-0.16971,0.008758619
-0.16852,0.005415775
-0.1678,0.0017846823
-0.16747,-0.0017309934
-0.16742,-0.0057055578
-0.16754,-0.009301856
-0.16763,-0.01136978
-0.1675,-0.011549562
-0.16691,-0.009751476
-0.16571,-0.0061550513
-0.16378,-0.0015580803
-0.16103,0.0028222352
-0.15748,0.007836416
-0.15314,0.013104379
-0.14822,0.018243305
-0.14289,0.022968948
-0.13737,0.026710764
-0.13192,0.029185295
-0.12681,0.030090615
-0.12236,0.029306024
-0.11876,0.026771173
-0.11616,0.02272746
-0.11465,0.017380178
-0.11425,0.011352211
-0.11497,0.00483948
-0.11665,-0.0016157776
-0.11908,-0.010200918
-0.12202,-0.01829271
-0.12511,-0.024316534
-0.12819,-0.027912855
-0.13094,-0.028901882
-0.1331,-0.027103662
-0.13445,-0.022788115
-0.13475,-0.016134903
-0.13405,-0.007863387
-0.13232,-0.00017483532
-0.12961,0.0061650574
-0.126,0.012268648
-0.12151,0.017844975
-0.11647,0.022667155
-0.11105,0.026167661
-0.10539,0.028159276
-0.09961,0.028642163
-0.09372,0.027616195
-0.08792,0.025262281
-0.08219,0.021822229
-0.07648,0.017639749
-0.07072,0.013265789
-0.06476,0.00893157
-0.05863,0.005012393
-0.0522,0.0018423647
-0.0454,-0.00029011816
-0.03821,-0.0011547059
-0.03063,-0.00075124204
-0.02291,0.0010355115
-0.01511,0.0041478574
-0.00741,0.00835526
-4.64e-05,0.0134732425
0.00673,0.019202799
0.01251,0.025262281
0.01713,0.031056345
0.02044,0.034824308
0.0223,0.036254786
0.02268,0.03719432
0.02144,0.03753592
0.01882,0.037215646
0.01505,0.036254786
0.01042,0.034674846
0.00533,0.02966813
5.53e-05,0.02242577
-0.00492,0.014491685
-0.0092,0.0065685213
-0.0124,-0.0011547059
-0.01419,-0.010830335
-0.01442,-0.019641295
-0.01296,-0.02593489
-0.00977,-0.029171601
-0.00495,-0.029171601
0.00135,-0.02593489
0.0088,-0.019731179
0.01706,-0.0110102
0.02577,-0.001442872
0.03453,0.0059921592
0.04292,0.013594344
0.05056,0.020916909
0.05713,0.027374685
0.06239,0.032384083
0.06617,0.03463216
0.06838,0.0350805
0.06897,0.034867004
0.06806,0.03389282
0.06581,0.030030265
0.06242,0.025141641
0.05815,0.01967965
0.05324,0.014395446
0.04803,0.009767279
0.04283,0.0061073303
0.03788,0.0038019568
0.03345,0.0031103939
0.02969,0.00409016
0.02678,0.006683789
0.02485,0.010839269
0.02392,0.016187891
0.024,0.022606775
0.02502,0.029426746
0.02687,0.034845658
0.02944,0.03706618
0.03256,0.038966462
0.03607,0.04043972
0.03975,0.041379146
0.04339,0.041742116
0.0468,0.041528627
0.04982,0.040802673
0.05232,0.039564304
0.05418,0.037941612
0.05531,0.036041327
0.05567,0.033651423
0.0553,0.027495429
0.05426,0.021460056
0.05265,0.015801728
0.05063,0.010902643
0.04837,0.006741412
0.04605,0.0033408478
0.0439,0.0008626133
0.04209,-0.00069357455
0.04081,-0.0013275892
0.04023,-0.0010969937
0.04043,-0.00011718273
0.04147,0.0014965758
0.04332,0.0036866963
0.04593,0.006337926
0.04917,0.009323478
0.05289,0.012510702
0.05687,0.01572676
0.06084,0.01901576
0.06457,0.022184312
0.06783,0.025081247
0.07041,0.027555749
0.07214,0.029487036
0.0729,0.030754492
0.07264,0.031237334
0.0714,0.030875154
0.06926,0.029547341
0.06636,0.02725403
0.06293,0.023874179
0.05921,0.019486524
0.05546,0.014222451
0.05193,0.00823991
0.04887,0.0015541837
0.04647,-0.0068743825
0.04488,-0.018202871
0.04419,-0.029351301
0.0444,-0.040442437
0.04544,-0.05096169
0.0472,-0.06923856
0.0495,-0.0844118
0.05212,-0.08860847
0.05484,-0.08086039
0.0574,-0.0601995
0.05961,-0.04479374
0.06129,-0.030969769
0.0623,-0.015685402
0.06259,-1.9669533e-06
0.06212,0.012072623
0.06098,0.024779528
0.05925,0.035208635
0.05708,0.03928671
0.05463,0.042766973
0.05208,0.045521315
0.04962,0.047400277
0.04739,0.048318237
0.0455,0.048338998
0.04402,0.047506995
0.04298,0.045884304
0.04235,0.0436851
0.0421,0.041122958
0.04212,0.038432673
0.04231,0.03580646
0.04255,0.032444365
0.04275,0.027133316
0.04282,0.023632787
0.04271,0.022124015
0.0424,0.022606775
0.04187,0.024960592
0.04119,0.028883517
0.04041,0.03401354
0.0396,0.03614809
0.03884,0.038325917
0.03819,0.040354278
0.03773,0.042105127
0.03744,0.043407522
0.03732,0.04413345
0.03733,0.044218924
0.03741,0.043621037
0.03747,0.04238266
0.03742,0.04054644
0.03715,0.03821915
0.0366,0.035507545
0.03572,0.029788882
0.03451,0.021278992
0.03302,0.0132484585
0.03132,0.0059921592
0.02954,-0.00034778565
0.02781,-0.006784484
0.02633,-0.012448624
0.02528,-0.015685402
0.02481,-0.016584493
0.02503,-0.015056029
0.02601,-0.01136978
0.02777,-0.005885333
0.03023,-0.0005206764
0.03326,0.0044360086
0.03667,0.009600133
0.0402,0.014601737
0.04356,0.019251183
0.04644,0.023210265
0.04855,0.026107326
0.04966,0.027736798
0.0496,0.027978212
0.04823,0.02689188
0.04557,0.024538033
0.04171,0.021158263
0.03683,0.016879499
0.03125,0.012262836
0.02531,0.007433057
0.01942,0.002764538
0.01402,-0.0015005246
0.00948,-0.0061550513
0.00621,-0.010470659
0.00448,-0.013347775
0.00449,-0.01460655
0.0063,-0.014516532
0.00986,-0.013257809
0.01498,-0.0110102
0.02139,-0.008312866
0.02869,-0.005525686
0.03641,-0.0032315552
0.04408,-0.0019039065
0.05119,-0.0012699813
0.05726,-0.0012699813
0.0619,-0.0020250976
0.06481,-0.00348562
0.06582,-0.0063349456
0.06485,-0.0096615255
0.06197,-0.0130779445
0.05739,-0.016314805
0.05143,-0.019011945
0.04447,-0.020720243
0.03699,-0.02125971
0.02944,-0.020360574
0.02233,-0.018112898
0.01607,-0.014426649
0.01104,-0.009481698
0.00753,-0.00348562
0.0057,0.0010355115
0.0056,0.0057616234
0.00718,0.010556966
0.01029,0.015273765
0.0147,0.019836605
0.02007,0.023994878
0.02603,0.027555749
0.03222,0.030513078
0.03828,0.03268578
0.04387,0.034119718
0.04871,0.03441862
0.05257,0.034482718
0.05531,0.03439727
0.05687,0.03418376
0.05728,0.033470362
0.05663,0.032444365
0.05506,0.03129773
0.05278,0.030211315
0.04999,0.029245697
0.04696,0.028340377
0.0439,0.027495429
0.04107,0.026650518
0.03866,0.025745198
0.03681,0.024779528
0.03562,0.023572452
0.03513,0.021942884
0.03538,0.019987509
0.03633,0.017543107
0.0379,0.01475735
0.03993,0.011628859
0.04226,0.00823991
0.04472,0.004781835
0.04714,0.0013813153
0.04931,-0.0016157776
0.05105,-0.0045367703
0.0522,-0.0068743825
0.05261,-0.00741376
0.05218,-0.005885333
0.05088,-0.0025966167
0.04871,0.0011508241
0.04573,0.0061650574
0.04204,0.01222831
0.0378,0.019118369
0.03321,0.026590116
0.02852,0.033832565
0.02399,0.036318902
0.01989,0.03821915
0.01646,0.039542947
0.01392,0.040140774
0.01245,0.039927263
0.0122,0.03888106
0.01319,0.037044883
0.0154,0.03446133
0.01873,0.02622798
0.02301,0.01619941
0.028,0.0059921592
0.03338,-0.004626721
0.03883,-0.019461498
0.04403,-0.032408297
0.04865,-0.04378186
0.05241,-0.05304794
0.05504,-0.061490566
0.05641,-0.061490566
0.05644,-0.05288747
0.05514,-0.043984294
0.05263,-0.033397257
0.04909,-0.021888979
0.04481,-0.009211957
0.04008,0.0014389306
0.03527,0.009888269
0.03073,0.017832905
0.02678,0.025202014
0.02373,0.03135799
0.02179,0.034802992
0.02112,0.035998635
0.02176,0.0367032
0.02366,0.036938056
0.0267,0.03678865
0.03069,0.036318902
0.03537,0.03563564
0.0404,0.034824308
0.04548,0.03389282
0.05029,0.03178054
0.05456,0.030090615
0.05804,0.02906461
0.06057,0.028702438
0.06205,0.029124916
0.06248,0.030392379
0.06192,0.032444365
0.06047,0.03446133
0.05833,0.035571605
0.05573,0.03678865
0.0529,0.03802699
0.05004,0.039222665
0.04736,0.040268864
0.04502,0.04110162
0.04314,0.041614015
0.04178,0.041827545
0.04093,0.041656733
0.04051,0.04110162
0.04042,0.04022619
0.04054,0.039009184
0.04071,0.037557267
0.04078,0.035934553
0.04061,0.034205094
0.04013,0.029547341
0.03927,0.024960592
0.03804,0.02077806
0.03647,0.017241389
0.03465,0.0146484375
0.03277,0.012896851
0.03095,0.012015067
0.02937,0.011980481
0.02817,0.012752816
0.02745,0.014268622
0.02737,0.016435653
0.02793,0.019220948
0.02911,0.022486106
0.0308,0.026107326
0.03281,0.029909603
0.035,0.033953253
0.03713,0.035507545
0.03893,0.036959432
0.04016,0.03841131
0.04054,0.039820515
0.03994,0.041122958
0.03824,0.042318616
0.0354,0.04334349
0.03141,0.044154838
0.02635,0.044688623
0.02046,0.04490216
0.01396,0.044795383
0.00715,0.044325642
0.00029,0.04347157
-0.00632,0.042275924
-0.01234,0.040717266
-0.01754,0.03885967
-0.02177,0.03678865
-0.02492,0.03456807
-0.02694,0.028883517
-0.02784,0.022305012
-0.02779,0.016032338
-0.027,0.01034946
-0.02566,0.0052428395
-0.024,0.000804916
-0.02228,-0.0029141307
-0.02078,-0.007054195
-0.01973,-0.010200918
-0.01924,-0.012089044
-0.01933,-0.012628496
-0.02003,-0.011909217
-0.0213,-0.010200918
-0.02304,-0.007503763
-0.025,-0.0039074123
-0.02685,-0.00080886483
-0.02838,0.0025916845
-0.02931,0.006395668
-0.0294,0.010574147
-0.02842,0.015016913
-0.02612,0.019806385
-0.02248,0.024839848
-0.01748,0.029909603
-0.0112,0.03435459
-0.00376,0.036041327
0.00465,0.037621323
0.01364,0.03903051
0.02293,0.04029023
0.03218,0.04135783
0.04103,0.042211857
0.04918,0.04283104
0.05624,0.04321537
0.06203,0.04338618
0.0664,0.043364838
0.0693,0.04312999
0.07072,0.042702932
0.07065,0.04204108
0.06935,0.04120834
0.06703,0.04016214
0.06396,0.038945097
0.06046,0.037557267
0.05672,0.035998635
0.05312,0.03426915
0.04992,0.029426746
0.04734,0.024055265
0.04555,0.018720075
0.04458,0.013698019
0.04451,0.00910455
0.04533,0.0050700605
0.04695,0.0017846823
0.04926,-0.00046300888
0.05205,-0.0016157776
0.05514,-0.0016157776
0.05836,-0.00034778565
0.06154,0.0020729601
0.06453,0.0057039857
0.06716,0.010251403
0.06933,0.015575826
0.071,0.02164115
0.07216,0.028038666
0.07284,0.034205094
0.07308,0.03640428
0.07296,0.038432673
0.07258,0.04024752
0.07206,0.04176349
0.07152,0.042980514
0.07104,0.04387729
0.07073,0.044453777
0.07066,0.04473134
0.07087,0.04473134
0.0714,0.04445376
0.07222,0.04396267
