Inputs,True ECG,Predicted ECG
-0.0058,-0.11117,-0.043137714
-0.00557,-0.11532,-0.00322482
-0.00551,-0.1191,-0.06646016
-0.00563,-0.12246,-0.10860053
-0.0059,-0.12523,-0.08131331
-0.00629,-0.12745,-0.07495585
-0.00675,-0.12915,-0.076135606
-0.00725,-0.13039,-0.11397734
-0.00772,-0.13128,-0.13460264
-0.00812,-0.13182,-0.10782412
-0.0084,-0.13218,-0.12049171
-0.00851,-0.13248,-0.13067678
-0.00844,-0.13281,-0.13514471
-0.00817,-0.13326,-0.09487656
-0.00771,-0.13379,-0.13101259
-0.00709,-0.13446,-0.12826052
-0.00634,-0.13527,-0.11349037
-0.0055,-0.13617,-0.1246002
-0.00466,-0.13715,-0.1254108
-0.00386,-0.13806,-0.12371293
-0.00317,-0.13891,-0.10398629
-0.00266,-0.13964,-0.13080063
-0.00235,-0.14026,-0.11253926
-0.00229,-0.14078,-0.10665849
-0.00249,-0.14119,-0.09209046
-0.00294,-0.14158,-0.13206497
-0.00362,-0.14202,-0.105136395
-0.00448,-0.14263,-0.103417546
-0.00546,-0.14351,-0.088584274
-0.00651,-0.1447,-0.12344304
-0.00755,-0.14629,-0.12054643
-0.0085,-0.1483,-0.12396416
-0.00931,-0.15075,-0.12194434
-0.00991,-0.15358,-0.15029103
-0.01026,-0.15669,-0.123248816
-0.01033,-0.15996,-0.12684172
-0.01011,-0.16325,-0.15117624
-0.0096,-0.1664,-0.15542188
-0.00882,-0.16921,-0.14886335
-0.00781,-0.17152,-0.16838488
-0.00661,-0.17321,-0.17079693
-0.00529,-0.17421,-0.17714095
-0.00391,-0.17444,-0.15908545
-0.00253,-0.17389,-0.19784054
-0.00122,-0.17259,-0.1575982
-4.01e-05,-0.17069,-0.16577592
0.000954,-0.1683,-0.16192105
0.00172,-0.16559,-0.20216477
0.00221,-0.1627,-0.16766384
0.00241,-0.15981,-0.16773042
0.00232,-0.1571,-0.16706088
0.00194,-0.15468,-0.19471201
0.00129,-0.15263,-0.16339847
0.00041,-0.15098,-0.17857972
-0.000661,-0.14974,-0.1739338
-0.00186,-0.14887,-0.15680757
-0.00312,-0.1483,-0.146379
-0.00438,-0.14792,-0.17016461
-0.00557,-0.14756,-0.14538448
-0.00665,-0.14717,-0.15388098
-0.00756,-0.14663,-0.14727154
-0.00826,-0.14587,-0.14284936
-0.00873,-0.14482,-0.11442813
-0.00896,-0.14339,-0.13519761
-0.00897,-0.1417,-0.12902352
-0.00878,-0.13977,-0.114221364
-0.00843,-0.13764,-0.09170112
-0.00796,-0.13539,-0.10764834
-0.00744,-0.13302,-0.099142045
-0.00691,-0.1307,-0.13210836
-0.00643,-0.12844,-0.12167278
-0.00604,-0.12624,-0.111451834
-0.00576,-0.12409,-0.11855993
-0.00562,-0.12188,-0.1317406
-0.0056,-0.11966,-0.11807701
-0.0057,-0.1173,-0.10515836
-0.0059,-0.1147,-0.095482916
-0.00615,-0.11178,-0.11718622
-0.00643,-0.10841,-0.10564831
-0.00669,-0.10466,-0.088163346
-0.00689,-0.10051,-0.052161545
-0.00701,-0.09599,-0.1105279
-0.00703,-0.09118,-0.0933367
-0.00695,-0.08615,-0.09653798
-0.00677,-0.08119,-0.05999747
-0.00652,-0.07642,-0.11178532
-0.00622,-0.07202,-0.09621319
-0.00591,-0.06813,-0.09552249
-0.00563,-0.06482,-0.08427754
-0.00542,-0.06233,-0.09789887
-0.0053,-0.06059,-0.08104175
-0.00531,-0.05956,-0.09599987
-0.00544,-0.05913,-0.1102024
-0.00571,-0.05907,-0.12496367
-0.00609,-0.0593,-0.0967482
-0.00657,-0.05952,-0.093673676
-0.0071,-0.05945,-0.09253964
-0.00765,-0.05886,-0.095217496
-0.00817,-0.05748,-0.06572658
-0.0086,-0.0553,-0.062681705
-0.00892,-0.05221,-0.06975499
-0.00907,-0.0482,-0.07533303
-0.00904,-0.04335,-0.07006189
-0.00881,-0.03776,-0.026345432
-0.00835,-0.03183,-0.07663521
-0.0077,-0.0258,-0.062922806
-0.00685,-0.01996,-0.05864075
-0.00584,-0.01458,-0.018036276
-0.00471,-0.00984,-0.04124832
-0.00349,-0.00609,-0.000582546
-0.00225,-0.00338,0.0166395
-0.00102,-0.0017,-0.027556986
0.00015,-0.00094,0.011607766
0.0012,-0.000818,-0.021445706
0.00208,-0.00117,-0.005697727
0.00276,-0.00158,0.0036609918
0.00322,-0.00164,-0.026492685
0.00344,-0.000959,0.014206618
0.00341,0.000858,0.017283201
0.00313,0.00399,-0.008479893
0.00263,0.00866,0.014834017
0.00194,0.01494,-0.0077165216
0.00111,0.02273,0.018983275
0.000187,0.03182,0.011928037
-0.000781,0.04174,0.02450873
-0.00173,0.05209,0.014302701
-0.00259,0.06234,0.02744706
-0.00332,0.07195,0.040051118
-0.00385,0.08033,0.03303793
-0.00418,0.08691,0.028888077
-0.00426,0.09136,0.035737365
-0.0041,0.09347,0.04303184
-0.00369,0.09311,0.046871662
-0.00306,0.09035,0.04169652
-0.00225,0.08537,0.039751455
-0.00129,0.07865,0.038871586
-0.000234,0.07072,0.03335163
0.000866,0.06216,0.03256893
0.00196,0.0536,0.047394395
0.00301,0.04563,0.019798487
0.00396,0.03888,0.024210408
0.00478,0.03379,0.024193764
0.00547,0.03068,0.021881
0.00599,0.0297,0.026090354
0.00636,0.0308,0.024671286
0.00658,0.0338,0.017734319
0.00665,0.03837,0.032571852
0.00661,0.04405,0.03383702
0.00647,0.05032,0.037881047
0.00624,0.05658,0.040691257
0.00596,0.06228,0.03299144
0.00565,0.06695,0.018372416
0.00533,0.07022,0.027812332
0.00501,0.07181,0.037221372
0.00469,0.07165,0.033009678
0.00441,0.06978,0.025516212
0.00416,0.0664,0.031920373
0.00396,0.06183,0.040584743
0.0038,0.0565,0.04569909
0.00368,0.0509,0.037952796
0.0036,0.04548,0.029549569
0.00356,0.04069,0.045443863
0.00354,0.03689,0.04724002
0.00354,0.0344,0.036450833
0.00352,0.03333,0.04334636
0.00349,0.03371,0.03761387
0.00341,0.03541,0.03886193
0.00327,0.03821,0.04186015
0.00308,0.04185,0.038870066
0.00281,0.0459,0.036770523
0.00248,0.05,0.03647524
0.00209,0.05378,0.041991204
0.00166,0.05694,0.042311996
0.00122,0.05928,0.039260417
0.000794,0.06066,0.038828224
0.000424,0.06108,0.04907587
0.000138,0.06065,0.054641157
-3.34e-05,0.05959,0.04889083
-6.44e-05,0.05814,0.04605949
6.15e-05,0.05667,0.05957955
0.000343,0.0555,0.066901654
0.000768,0.05493,0.06437591
0.00132,0.0552,0.06310648
0.00195,0.05645,0.064697534
0.00263,0.05874,0.06328443
0.00331,0.06199,0.065265805
0.00393,0.06602,0.071658105
0.00446,0.07054,0.06613052
0.00484,0.07516,0.073666364
0.00506,0.07944,0.068103254
0.00511,0.083,0.06461349
0.00498,0.08545,0.06092778
0.0047,0.08647,0.06985977
0.0043,0.08582,0.06323129
0.00381,0.0834,0.061369866
0.00329,0.0793,0.061836213
0.00279,0.07371,0.07236007
0.00235,0.06693,0.07131091
0.00202,0.05937,0.063854754
0.00181,0.05156,0.060753316
0.00176,0.04403,0.067650825
0.00186,0.03731,0.066474885
0.00209,0.03184,0.06824306
0.00244,0.02799,0.051349998
0.00286,0.02605,0.052704573
0.00333,0.0261,0.05865833
0.00379,0.02807,0.05095321
0.0042,0.03176,0.056062043
0.00455,0.03681,0.050091118
0.00479,0.0428,0.054163456
0.00492,0.04915,0.045664907
0.00494,0.05532,0.055741757
0.00486,0.06078,0.04947695
0.00469,0.06504,0.056783676
0.00447,0.06774,0.053981632
0.00423,0.0686,0.056477934
0.004,0.06752,0.05433169
0.00381,0.06456,0.05240962
0.00368,0.05997,0.04552719
0.00363,0.05407,0.04086861
0.00367,0.04733,0.047733575
0.00379,0.04023,0.04879865
0.00398,0.03333,0.040585667
0.00421,0.02718,0.035846844
0.00444,0.02226,0.033961922
0.00465,0.01894,0.045855463
0.00479,0.01745,0.04257667
0.00483,0.01793,0.041245997
0.00474,0.02037,0.041458994
0.00448,0.02459,0.040754706
0.00406,0.03033,0.044759423
0.00347,0.0372,0.042574972
0.00272,0.04477,0.04248318
0.00185,0.05255,0.035083294
0.000898,0.06008,0.045467257
-8.17e-05,0.06695,0.068663836
-0.00103,0.07281,0.05039552
-0.00189,0.07739,0.059378058
-0.00257,0.08047,0.06710982
-0.00303,0.08204,0.07616499
-0.00321,0.08212,0.07017377
-0.00308,0.08085,0.06865725
-0.00262,0.0784,0.0892618
-0.00182,0.07498,0.062131494
-0.000717,0.07087,0.06969297
0.000653,0.06634,0.05735299
0.00222,0.06162,0.05514601
0.00391,0.05691,0.05085811
0.00561,0.05235,0.050065488
0.00724,0.04804,0.036172807
0.0087,0.04406,0.04598424
0.0099,0.04042,0.038517267
0.01078,0.0371,0.051865786
0.01126,0.03408,0.024654403
0.01132,0.03132,0.013807982
0.01097,0.02878,0.037737936
0.01022,0.02648,0.026278496
0.00914,0.02441,0.026767552
0.00777,0.02263,0.012930125
0.0062,0.02123,0.011705607
0.00454,0.02026,0.016123742
0.00287,0.0198,0.027768433
0.00128,0.01995,0.024953395
-0.000164,0.02075,0.013206944
-0.0014,0.02229,0.026504546
-0.00239,0.02449,0.017801374
-0.00312,0.02728,0.023192883
-0.00361,0.03054,0.01705134
-0.00387,0.03414,0.044770986
-0.00395,0.03789,0.022028357
-0.00389,0.04153,0.0400206
-0.00376,0.04483,0.041477412
-0.00359,0.04757,0.04888594
-0.00344,0.0496,0.027177662
-0.00333,0.05075,0.029647171
-0.00328,0.05098,0.03456995
-0.00329,0.05028,0.01902312
-0.00337,0.04872,0.028402597
-0.0035,0.04648,0.056940943
-0.00362,0.04375,0.048585206
-0.00374,0.0408,0.049252123
-0.00382,0.03792,0.015176266
-0.00385,0.03541,0.031382695
-0.0038,0.03354,0.03362
-0.00367,0.03251,0.03784971
-0.00347,0.03249,0.008416325
-0.00322,0.03355,0.023575008
-0.00294,0.03569,0.030775845
-0.00267,0.03883,0.030917734
-0.00241,0.04273,0.040865302
-0.00222,0.04716,0.030951932
-0.00211,0.05183,0.038139045
-0.00208,0.05641,0.013771042
-0.00216,0.06059,0.043138117
-0.00233,0.06405,0.026157022
-0.00257,0.06657,0.01932989
-0.00287,0.068,0.028063
-0.00318,0.06826,0.031692266
-0.00349,0.06739,0.03548947
-0.00375,0.0655,-0.00027376413
-0.00394,0.0628,0.02586405
-0.00404,0.05959,-0.018604368
-0.00402,0.05617,0.022212476
-0.00388,0.05285,0.021249712
-0.00362,0.04997,0.033447832
-0.00325,0.0478,-0.0018656403
-0.0028,0.04657,0.023828596
-0.00228,0.04639,0.030285358
-0.00172,0.04727,0.046296924
-0.00115,0.04914,0.06748226
-0.000601,0.05185,0.050850302
-9.29e-05,0.05514,0.05104214
0.000356,0.05871,0.052848488
0.00074,0.06221,0.055315107
0.00104,0.06529,0.056722313
0.00128,0.06763,0.06009105
0.00144,0.06899,0.068437666
0.00157,0.06916,0.07314527
0.00166,0.06807,0.051528603
0.00175,0.06571,0.06437501
0.00186,0.06223,0.07110122
0.00202,0.05782,0.061983734
0.00224,0.05277,0.06627363
0.00253,0.04744,0.05519274
0.0029,0.04222,0.056082457
0.00335,0.03747,0.041224435
0.00388,0.03354,0.056824267
0.00446,0.0307,0.022669226
0.00505,0.02914,0.0246602
0.00563,0.02899,0.008974224
0.00616,0.03023,0.019539744
0.0066,0.03273,0.002387613
0.00692,0.0363,0.029332355
0.00706,0.04064,-0.0038093328
0.00702,0.04541,0.0117331445
0.00677,0.05023,0.0028212667
0.00632,0.05472,0.021900982
0.00567,0.05854,0.023042545
0.00485,0.06141,0.009557545
0.00389,0.0631,0.042194158
0.00284,0.0635,0.05738637
0.00175,0.06257,0.027681828
0.000667,0.06041,0.038809538
-0.000358,0.05717,0.037137
-0.00128,0.05311,0.0003784299
-0.00206,0.04853,0.023465812
-0.0027,0.04376,0.025768906
-0.00318,0.03912,-0.005322486
-0.00351,0.03497,0.011941299
-0.00371,0.03156,0.026849598
-0.00383,0.02911,0.06511456
-0.00391,0.02776,-0.009902
-0.00397,0.02755,0.020719498
-0.00407,0.02848,0.024317175
-0.00421,0.03042,0.035009295
-0.00444,0.03321,0.007683605
-0.00476,0.03661,0.04753849
-0.00515,0.04039,0.0070402324
-0.00557,0.04428,0.040676326
-0.00599,0.04805,0.060030967
-0.00637,0.05146,0.03914067
-0.00665,0.05437,0.051027507
-0.00678,0.05666,0.017934352
-0.0067,0.05824,0.064437956
-0.00638,0.05915,0.040321067
-0.0058,0.05944,0.05140111
-0.00496,0.05922,0.052371353
-0.00386,0.05859,0.04519272
-0.00255,0.05766,0.0547581
-0.00106,0.05658,0.039675236
0.000537,0.05545,0.04186961
0.00218,0.05437,0.028855681
0.00379,0.05334,0.04557365
0.0053,0.05235,0.03642252
0.00664,0.05134,0.03310065
0.00776,0.05026,0.011587262
0.00862,0.049,0.016634613
0.00921,0.04745,0.04739377
0.0095,0.04551,0.024579674
0.00949,0.0431,-0.0028457493
0.00923,0.04021,0.023690552
0.00874,0.03684,0.012554467
0.00806,0.03306,0.019908428
0.00722,0.02901,0.0064979494
0.00627,0.02487,0.0050487816
0.00527,0.02086,0.0053614825
0.00427,0.01721,-0.004054785
0.00328,0.01415,0.017486036
0.00234,0.0119,-0.0025089532
0.00146,0.01072,0.016077131
0.000673,0.01069,0.007874742
-1.9e-05,0.01186,-0.0017032623
-0.000618,0.01422,0.029146776
-0.00113,0.01762,-0.01192224
-0.00157,0.02192,-0.0057708025
-0.00196,0.02684,0.0005069077
-0.00229,0.03203,0.020492628
-0.00261,0.03713,0.035230964
-0.00291,0.04172,0.02341339
-0.00322,0.04549,0.0023207963
-0.00356,0.04811,-0.00768438
-0.00393,0.04932,0.049988896
-0.00434,0.04896,0.039979026
-0.00478,0.04689,-0.0071591437
-0.00523,0.04321,0.036135107
-0.0057,0.03805,0.010433406
-0.00616,0.03165,0.05246207
-0.00659,0.02429,0.032856226
-0.00697,0.0163,0.02644831
-0.00725,0.00814,0.0203937
-0.00742,0.000206,0.041728824
-0.00748,-0.00715,0.024928182
-0.0074,-0.0136,0.0050271153
-0.00717,-0.01891,-0.0010853112
-0.00681,-0.02288,7.0631504e-06
-0.00631,-0.02546,0.020341441
-0.00572,-0.0267,-0.0027471483
-0.00505,-0.0267,-0.011877939
-0.00433,-0.02566,0.013032347
-0.0036,-0.02381,0.021315724
-0.00289,-0.0215,0.00068965554
-0.00223,-0.01902,0.0067085326
-0.00163,-0.01667,-0.011682376
-0.00112,-0.01467,-0.0056652576
-0.000718,-0.0132,-0.014235765
-0.00041,-0.01246,-0.012536764
-0.000198,-0.0125,-0.035677344
-6.71e-05,-0.01327,-0.03603041
-9.85e-07,-0.01463,-0.0064730793
9.75e-06,-0.0164,-0.0065598786
-1.29e-05,-0.01842,-0.02095081
-5.28e-05,-0.02045,-0.012032941
-9.68e-05,-0.02223,-0.030870587
-0.000132,-0.02343,-0.012985945
-0.000159,-0.0239,-0.016785234
-0.000169,-0.0235,-0.034614787
-0.000157,-0.02214,-0.031330243
-0.000124,-0.01976,-0.031629473
-7.04e-05,-0.01631,-0.017010614
1.83e-06,-0.01196,-0.006189361
0.000101,-0.00684,-0.0047086775
0.000233,-0.00112,0.006212622
0.000401,0.00503,0.014284998
0.000603,0.01147,0.04826027
0.000842,0.01792,0.044393986
0.00112,0.02426,0.0633322
0.00143,0.03038,0.0635719
0.00177,0.03622,0.052182972
0.00211,0.04173,0.052371472
0.00243,0.04684,0.05418107
0.00271,0.05161,0.0628908
0.00292,0.05609,0.06408432
0.00303,0.06033,0.0621154
0.00302,0.06433,0.049633205
0.00286,0.06804,0.04121864
0.00255,0.07151,0.043878987
0.00208,0.07471,0.05437538
0.00146,0.07755,0.034953073
0.000714,0.07992,0.021827728
-0.000129,0.08162,0.028973967
-0.00103,0.08259,0.017995566
-0.00194,0.08275,0.01747942
-0.00282,0.08199,0.017856747
-0.0036,0.08028,0.036039025
-0.00425,0.07755,0.042080432
-0.00472,0.07392,0.05811858
-0.005,0.06955,0.054146975
-0.00506,0.06462,0.058324367
-0.00489,0.05939,0.07661006
-0.0045,0.0541,0.042220086
-0.0039,0.04908,0.06493303
-0.00314,0.04464,0.068485826
-0.00224,0.04105,0.051299304
-0.00124,0.03858,0.046583086
-0.000181,0.03739,0.053533286
0.000885,0.03755,0.026985332
0.00192,0.03908,0.053553075
0.00289,0.0419,0.043292433
0.00375,0.04588,0.024878874
0.00448,0.05076,0.026972532
0.00507,0.05626,0.04152581
0.00549,0.06203,0.027362257
0.00574,0.06776,0.040931165
0.00583,0.07312,0.04753998
0.00575,0.07782,0.054110795
0.00553,0.08165,0.046537727
0.00518,0.08444,0.054517835
0.00473,0.08611,0.048790246
0.00421,0.08662,0.05992666
0.00364,0.08607,0.056425184
0.00306,0.08461,0.06685987
0.00251,0.08243,0.058335394
0.00201,0.07972,0.061588317
0.00158,0.07668,0.056175858
0.00125,0.07354,0.061891854
0.00103,0.0705,0.06529769
0.00092,0.0677,0.06579295
0.000923,0.06522,0.06393227
0.00102,0.0631,0.05456111
0.0012,0.06131,0.060171545
0.00144,0.05982,0.061714858
0.0017,0.05852,0.06316984
0.00197,0.05732,0.06398144
0.00221,0.05615,0.056136698
0.0024,0.05486,0.057519525
0.00252,0.0534,0.053922653
0.00257,0.05175,0.05524707
0.00253,0.04994,0.04213667
0.0024,0.04809,0.05260423
0.0022,0.04625,0.04094538
0.00194,0.04454,0.047095448
0.00163,0.04308,0.04283808
0.00128,0.04207,0.04761502
0.000919,0.04176,0.038106948
0.000553,0.04217,0.04012105
0.000192,0.04335,0.047979027
-0.000156,0.04531,0.05503279
-0.000486,0.04806,0.050618798
-0.000789,0.05166,0.050663114
-0.00106,0.05594,0.04536867
-0.0013,0.06078,0.07289049
-0.0015,0.06602,0.04101862
-0.00164,0.07154,0.06498414
-0.00173,0.07721,0.072728366
-0.00174,0.08304,0.07909691
-0.00166,0.08909,0.07215461
-0.00147,0.09538,0.08046755
-0.00117,0.10187,0.11109698
-0.000767,0.10834,0.101270705
-0.000243,0.11526,0.12553036
0.000383,0.12278,0.10698554
0.00109,0.13099,0.14175293
0.00184,0.13963,0.1615887
0.00257,0.14787,0.16745165
0.00325,0.15606,0.18699932
0.00383,0.16377,0.16061935
0.00424,0.17048,0.22557059
0.00445,0.17521,0.21354946
0.00438,0.17627,0.2356689
0.00403,0.1734,0.17693529
0.00336,0.16557,0.20568368
0.00239,0.15188,0.1766828
0.00112,0.13129,0.16964129
-0.000432,0.10254,0.069417685
-0.00221,0.06568,0.075612515
-0.00416,0.02051,0.010756344
-0.00621,-0.03279,-0.054146126
-0.00831,-0.09367,-0.12973824
-0.01039,-0.16117,-0.2425237
-0.01237,-0.23355,-0.25594845
-0.01421,-0.30926,-0.3957272
-0.01587,-0.38638,-0.49881807
-0.01729,-0.46251,-0.5688473
-0.01844,-0.53478,-0.6354381
-0.0193,-0.6006,-0.66281915
-0.01988,-0.65809,-0.74385726
-0.02017,-0.70541,-0.794631
-0.02019,-0.74057,-0.7932147
-0.01992,-0.76159,-0.8055247
-0.01938,-0.76754,-0.8171853
-0.01861,-0.75884,-0.768252
-0.01764,-0.73604,-0.79059994
-0.01649,-0.69972,-0.69771504
-0.01515,-0.65073,-0.62473905
-0.01368,-0.59091,-0.5815278
-0.0121,-0.5231,-0.49389878
-0.01046,-0.4499,-0.39333168
-0.00877,-0.37367,-0.33947936
-0.00706,-0.29665,-0.22991183
-0.00536,-0.22146,-0.20594099
-0.00371,-0.15057,-0.11665347
-0.00212,-0.08587,-0.062033206
-0.00062,-0.02874,-0.0036813319
0.000784,0.01995,-0.016840726
0.00206,0.05927,0.07078987
0.00323,0.08942,0.070542306
0.00427,0.11086,0.11683747
0.0052,0.12427,0.12520713
0.006,0.13075,0.12359774
0.00668,0.13089,0.11901522
0.00724,0.12672,0.11370823
0.0077,0.11977,0.099217266
0.00806,0.11125,0.0908674
0.00831,0.10233,0.08460975
0.00843,0.09325,0.07216993
0.00845,0.08546,0.090904325
0.00835,0.07958,0.08053288
0.00814,0.07577,0.057499856
0.00781,0.07394,0.07092354
0.00736,0.07329,0.056764185
0.0068,0.07389,0.06031677
0.00615,0.07541,0.051646113
0.00542,0.07728,0.0595316
0.00463,0.07897,0.041053444
0.00379,0.07973,0.055542856
0.00295,0.07941,0.04995969
0.00211,0.07785,0.04570213
0.00131,0.07502,0.037943006
0.000572,0.071,0.051745504
-7.39e-05,0.06598,0.03432907
-0.00061,0.0603,0.047422856
-0.00102,0.05435,0.04593596
-0.00129,0.04859,0.045095325
-0.00141,0.04349,0.032585442
-0.00137,0.03951,0.035639837
-0.00117,0.03691,0.026733816
-0.000825,0.03587,0.021250188
-0.000343,0.03649,0.03257048
0.000249,0.03874,0.04236898
0.000937,0.04252,0.04773155
0.00168,0.04753,0.045756042
0.00243,0.0534,0.053989083
0.00316,0.05973,0.03939782
0.0038,0.06607,0.048187464
0.00433,0.07202,0.060643137
0.00468,0.0772,0.05836761
0.00483,0.08131,0.029105991
0.00474,0.08412,0.057640612
0.0044,0.08545,0.033679307
0.00381,0.08531,0.06396291
0.00299,0.08377,0.0503622
0.00198,0.08099,0.03125274
0.000819,0.07718,0.03191614
-0.000413,0.07258,0.06613538
-0.00164,0.06752,0.045298308
-0.00279,0.06228,0.04171188
-0.00377,0.05714,0.040611744
-0.00452,0.05232,0.052766353
-0.00497,0.04801,0.045939386
-0.00508,0.04434,0.032260448
-0.00485,0.0414,0.0493944
-0.00427,0.0392,0.044060707
-0.00339,0.0377,0.036415964
-0.00227,0.03686,0.028212652
-0.000965,0.03658,0.0385395
0.000413,0.03677,0.038152352
0.00177,0.03733,0.041644335
0.00302,0.03816,0.023829833
0.00406,0.03917,0.04701826
0.00483,0.04032,0.04915741
0.00528,0.04154,0.04077384
0.00539,0.04278,0.030992746
0.00516,0.04403,0.028809011
0.00461,0.04522,0.053758383
0.0038,0.04639,0.056300342
0.0028,0.04745,0.030866936
0.0017,0.04836,0.038864017
0.000565,0.04906,0.05481717
-0.000517,0.04946,0.054181755
-0.00147,0.04953,0.04445404
-0.00224,0.04921,0.046129882
-0.00279,0.04842,0.037459075
-0.00311,0.04713,0.05734387
-0.00322,0.0453,0.045666248
-0.00313,0.04298,0.07251319
-0.00291,0.04024,0.037248448
-0.0026,0.03716,0.076906055
-0.00228,0.03385,0.04395196
-0.002,0.03041,0.038523972
-0.00183,0.02705,0.016687304
-0.00182,0.02393,0.026389629
-0.00199,0.02119,0.037505537
-0.00236,0.01895,0.044988155
-0.00291,0.01727,0.027116433
-0.00361,0.01625,0.059367448
-0.00442,0.01587,-0.00241068
-0.00529,0.01608,0.01726076
-0.00614,0.01675,0.032167405
-0.00689,0.01771,0.010896981
-0.00748,0.01883,-0.0058154166
-0.00784,0.01987,-0.010867149
-0.00793,0.02062,0.036766335
-0.00771,0.02087,0.0069917142
-0.00718,0.02043,0.0102669895
-0.00634,0.01922,-0.022218794
-0.00524,0.01713,0.025015801
-0.00391,0.01413,-0.019737795
-0.00244,0.0103,0.031496733
-0.000916,0.00573,0.008858919
0.000574,0.000652,-0.003760904
0.00193,-0.00476,-0.005636245
0.00307,-0.01027,-0.017379671
0.00391,-0.0156,-0.015891373
0.00441,-0.02045,-0.025400087
0.00452,-0.02457,-0.030858487
0.00424,-0.02779,-0.031626046
0.00358,-0.02995,-0.036959797
0.00261,-0.03096,-0.02047807
0.00138,-0.03075,-0.035889834
3.5e-06,-0.02931,-0.020971328
-0.00142,-0.02678,-0.028811604
-0.00278,-0.02329,0.0246564
-0.00396,-0.01901,0.010361254
-0.00487,-0.01415,-0.032496452
-0.00542,-0.0089,-0.019684091
-0.00556,-0.00349,-0.0055682063
-0.00527,0.00187,0.017516166
-0.00455,0.007,-0.0042311847
-0.00345,0.01166,0.0048338026
-0.00203,0.01579,0.016059965
-0.000393,0.01929,0.0055528283
0.00136,0.02209,-0.0064427555
0.0031,0.02411,0.022790253
0.00471,0.02525,-0.010634124
0.00608,0.02555,-0.022899598
0.00712,0.02503,-0.02233231
0.00775,0.02368,0.01632303
0.00795,0.02149,0.0074554086
0.0077,0.01839,0.003244713
0.00702,0.01445,-0.031362325
0.00596,0.00974,-0.063502476
0.0046,0.00431,-0.017416298
0.00303,-0.00181,-0.03054586
0.00135,-0.00857,-0.022438675
-0.000349,-0.01578,-0.040283144
-0.00196,-0.02329,-0.032293707
-0.0034,-0.03092,-0.045872167
-0.0046,-0.03848,-0.042295337
-0.00552,-0.04583,-0.06449294
-0.00613,-0.05267,-0.044084147
-0.00642,-0.05884,-0.06953654
-0.00642,-0.0642,-0.06259623
-0.00616,-0.06864,-0.06278935
-0.00567,-0.07211,-0.08259261
-0.00502,-0.07448,-0.0835149
-0.00426,-0.07587,-0.08265337
-0.00344,-0.07641,-0.064189196
-0.00262,-0.07625,-0.08213578
-0.00183,-0.07561,-0.075320154
-0.00111,-0.07459,-0.08085509
-0.000483,-0.07349,-0.05839607
3.31e-05,-0.07255,-0.071304575
0.000438,-0.07198,-0.06320925
0.000738,-0.072,-0.044437617
0.000947,-0.07256,-0.07825026
0.00108,-0.07378,-0.04182379
0.00115,-0.07569,-0.050057083
0.00118,-0.07822,-0.050281048
0.00119,-0.08134,-0.01959613
0.00119,-0.08476,-0.00694409
0.00121,-0.08839,-0.02184397
0.00125,-0.09206,-0.039490655
0.00132,-0.09566,-0.019373357
0.00142,-0.09909,-0.036826164
0.00153,-0.1022,-0.033628076
0.00167,-0.10498,-0.033836246
0.00181,-0.10748,-0.03694898
0.00194,-0.10975,-0.06685902
0.00204,-0.11193,-0.051252812
0.00209,-0.11408,-0.04087624
0.00209,-0.11635,-0.03777802
0.00202,-0.11887,-0.06309703
0.00189,-0.12176,-0.051555485
0.00167,-0.12507,-0.05155468
0.00139,-0.12872,-0.05624205
0.00106,-0.13271,-0.07171281
0.000698,-0.13691,-0.066823766
0.000317,-0.14117,-0.08468163
-5.99e-05,-0.14532,-0.068006605
-0.000407,-0.14901,-0.09639759
-0.000705,-0.15207,-0.09665397
-0.000943,-0.15432,-0.10199447
-0.00111,-0.1556,-0.10828677
-0.00122,-0.15584,-0.098299235
-0.00127,-0.15494,-0.1144287
-0.00127,-0.15303,-0.11446053
-0.00127,-0.15029,-0.12640098
-0.00127,-0.14695,-0.12836012
-0.0013,-0.14334,-0.14202228
-0.0014,-0.13978,-0.118802845
-0.00157,-0.13668,-0.111489244
-0.00184,-0.13442,-0.13937274
-0.0022,-0.13331,-0.13894916
-0.00263,-0.13358,-0.15583777
-0.00312,-0.13536,-0.13301829
-0.00364,-0.1387,-0.1234635
-0.00415,-0.14351,-0.13223532
-0.00461,-0.14957,-0.13264215
-0.00499,-0.15652,-0.13431308
-0.00523,-0.1639,-0.101160675
-0.00533,-0.17124,-0.1240672
-0.00526,-0.17802,-0.09327462
-0.00502,-0.18374,-0.092323914
-0.00462,-0.1879,-0.06986147
-0.00407,-0.19013,-0.0981082
-0.00342,-0.1902,-0.08613913
-0.0027,-0.18801,-0.08642721
-0.00196,-0.1836,-0.070959955
-0.00124,-0.17718,-0.08444481
-0.000582,-0.16911,-0.065841824
-2.46e-05,-0.15989,-0.07182251
0.000409,-0.1501,-0.034554064
0.000706,-0.14033,-0.04449466
0.000867,-0.13121,-0.03428635
0.000897,-0.12335,-0.053257138
0.000819,-0.11726,-0.017656088
0.00066,-0.11329,-0.01327154
0.000452,-0.11165,-0.036320835
0.000229,-0.11239,-0.014127582
1.93e-05,-0.11542,-0.023963794
-0.000148,-0.12045,-0.00053170323
-0.000251,-0.12705,-0.012391031
-0.000277,-0.13469,0.007538706
-0.000219,-0.1427,0.021910846
-8.72e-05,-0.15054,0.016422004
0.000113,-0.15756,0.011192471
0.000366,-0.16323,0.02104932
0.000654,-0.16712,0.03479536
0.000958,-0.16883,0.03456959
0.00125,-0.16833,0.024573684
0.00151,-0.16558,0.03637266
0.00172,-0.16076,0.038334712
0.00188,-0.15411,0.038925245
0.00197,-0.14596,0.023584038
0.002,-0.13689,0.029733688
0.00196,-0.12738,0.030616567
0.00187,-0.11791,0.034398407
0.00173,-0.1089,0.027142316
0.00158,-0.10065,0.030912817
0.00142,-0.09355,0.02225992
0.00127,-0.08773,0.029131532
0.00117,-0.08323,0.012805551
0.00113,-0.07995,0.015495449
0.00117,-0.07767,0.020663843
0.00131,-0.07626,0.028992444
0.00156,-0.07541,0.02255845
0.00191,-0.07481,0.024153799
0.00237,-0.07416,0.029631227
0.00292,-0.07315,0.03064093
0.00353,-0.07174,0.020452946
0.00418,-0.06975,0.031119749
0.00484,-0.06713,0.016510308
0.00547,-0.06392,0.02891323
0.00603,-0.06013,0.015709966
0.00647,-0.0561,0.015076846
0.00678,-0.05192,-0.011806563
0.00693,-0.04774,-0.0072840154
0.00692,-0.04371,-0.013312012
0.00672,-0.0399,0.00044369698
0.00637,-0.03653,-0.020672679
0.00589,-0.03354,-0.020120293
0.00531,-0.03086,-0.03469768
0.00468,-0.02836,-0.026995897
0.00402,-0.02586,-0.01493749
0.00341,-0.02329,-0.019150406
0.00287,-0.02042,-0.03387624
0.00245,-0.01707,-0.022975758
0.00216,-0.01311,-0.03514436
0.00202,-0.00846,-0.022500664
0.00201,-0.00321,-0.02711396
0.00214,0.00259,-0.006684661
0.00237,0.00881,-0.024277568
0.00265,0.01522,-0.027194038
0.00294,0.02155,-0.018118322
0.00321,0.02738,0.00026278198
0.00339,0.03247,-0.008933485
0.00345,0.03654,-0.012426168
0.00336,0.03935,-0.0007698536
0.00309,0.04075,-0.007555455
0.00264,0.04055,0.010254383
0.00202,0.03884,0.00895977
0.00123,0.03578,-0.012920499
0.000313,0.03159,-0.006042525
-0.000704,0.02663,0.014384508
-0.00177,0.02116,0.014332205
-0.00284,0.01567,0.0057865977
-0.00388,0.01056,0.012732476
-0.00483,0.00625,-0.0027211308
-0.00566,0.00314,0.0061238557
-0.00632,0.0014,-0.003693521
-0.00679,0.00122,0.00041759014
-0.00706,0.00265,0.021367833
-0.00711,0.00565,0.015594959
-0.00694,0.01015,0.037219733
-0.00656,0.01582,0.0027131736
-0.00598,0.02236,0.038714856
-0.00525,0.02945,0.013314635
-0.00437,0.03675,0.033841223
-0.00341,0.04396,0.04394591
-0.00239,0.05076,0.06325835
-0.00139,0.05695,0.060269088
-0.000437,0.06241,0.049239665
0.00041,0.06707,0.034262314
0.00112,0.07094,0.070878774
0.00165,0.0741,0.058039367
0.00197,0.07671,0.029636592
0.00208,0.07896,0.05435875
0.00197,0.08098,0.04623878
0.00169,0.08286,0.06974718
0.00125,0.08469,0.038880527
0.000714,0.08655,0.06904942
0.000132,0.08842,0.08122265
-0.00043,0.09017,0.06832352
-0.000898,0.0916,0.045523018
-0.00122,0.09245,0.05532086
-0.00133,0.09257,0.05081445
-0.0012,0.09172,0.07914463
-0.000791,0.08971,0.07498297
-0.000112,0.08636,0.06571984
0.000816,0.08158,0.054513216
0.00196,0.07544,0.066355556
0.00327,0.06811,0.060886204
0.00467,0.0598,0.05913353
0.00608,0.05087,0.06206569
0.00742,0.04173,0.04969582
0.00862,0.03284,0.0334976
0.00961,0.02466,0.029256493
0.01033,0.01764,0.037962556
0.01073,0.01222,0.022152022
0.0108,0.00873,0.02067697
0.01055,0.00731,0.015207946
0.00999,0.00802,0.022318304
0.00916,0.01081,0.018251508
0.0081,0.0155,0.009763941
0.00689,0.02179,0.0067494214
0.00557,0.02923,0.025314301
0.00423,0.03731,0.029149055
0.00291,0.04555,0.014776796
0.00168,0.05345,0.018029645
0.00058,0.06059,0.01742515
-0.000358,0.06654,0.03367594
-0.00111,0.07105,0.011228383
-0.00167,0.07395,0.027038544
-0.00204,0.0752,0.008918643
-0.00222,0.07489,0.031701982
-0.00223,0.07324,0.028812766
-0.00211,0.0705,0.0277901
-0.00187,0.06702,0.014097571
-0.00154,0.06315,0.013817638
-0.00114,0.05924,0.017778844
-0.000702,0.05565,0.00067716837
-0.000248,0.05262,0.024745941
0.000207,0.05035,0.01592116
0.00065,0.04893,0.009595841
0.00108,0.04834,0.028452575
0.00149,0.04852,0.023474261
0.00187,0.04934,0.022525102
0.00223,0.0506,0.019522488
0.00256,0.05207,0.030434072
0.00288,0.05349,0.027042523
0.00318,0.05468,0.042154565
0.00346,0.05546,0.026371032
0.00373,0.05573,0.027374536
0.00397,0.05544,0.041130215
0.00417,0.05461,0.037617058
0.00432,0.05331,0.031208664
0.00442,0.05167,0.04054171
0.00443,0.04986,0.039947495
0.00434,0.04808,0.05307302
0.00414,0.04652,0.043904394
0.00383,0.04533,0.05138573
0.00339,0.04461,0.04510191
0.00284,0.04444,0.055936426
0.00219,0.04488,0.04950601
0.00146,0.04587,0.06033817
0.00069,0.04735,0.049782306
-8.48e-05,0.04918,0.058140635
-0.00082,0.05122,0.05182749
-0.00147,0.05331,0.04927078
-0.00199,0.0553,0.048033297
-0.00236,0.05708,0.045220464
-0.00253,0.05855,0.048522234
-0.00251,0.05965,0.040385783
-0.00229,0.06036,0.06396988
-0.00189,0.06071,0.055288315
-0.00134,0.06075,0.047731698
-0.0007,0.06057,0.053527325
-1.13e-05,0.06027,0.054992348
0.00067,0.0599,0.06183228
0.00128,0.05956,0.044750035
0.00178,0.05926,0.05568713
0.0021,0.05903,0.06495014
0.00224,0.05884,0.05245018
0.00219,0.05864,0.045267493
0.00196,0.05834,0.052264363
0.00156,0.05787,0.06491217
0.00105,0.05715,0.06404695
0.000472,0.0561,0.051688522
-0.000101,0.05469,0.051481783
-0.000608,0.05293,0.053107888
-0.00099,0.05089,0.061020166
-0.0012,0.04868,0.039105326
-0.00119,0.04643,0.04561439
-0.000949,0.04425,0.039876044
-0.000473,0.04238,0.05123332
0.000225,0.04098,0.039307147
0.00111,0.0402,0.03656721
0.00214,0.04012,0.043797046
0.00325,0.04074,0.04132977
0.00438,0.04204,0.040254503
0.00545,0.04388,0.035898834
0.00642,0.04606,0.040084705
0.00722,0.04831,0.038568527
0.00781,0.05033,0.042630523
0.00815,0.0518,0.04828444
0.00822,0.0524,0.06324369
0.00803,0.05187,0.047629744
0.00758,0.05003,0.03520146
0.0069,0.0468,0.035673395
0.00602,0.04222,0.038373366
0.00498,0.03645,0.043187886
0.00384,0.02974,0.018009424
0.00264,0.02247,0.02220735
0.00144,0.01514,0.027805015
0.000291,0.00826,0.024980336
-0.000757,0.00232,0.020939052
-0.00166,-0.0022,0.01738678
-0.0024,-0.0049,0.011850089
-0.00293,-0.00548,0.018176883
-0.00325,-0.00378,0.007704556
-0.00334,0.000146,0.01745376
-0.00323,0.0061,0.015636712
-0.00293,0.01377,0.029109195
-0.00246,0.02272,0.028970152
-0.00186,0.03234,0.031816334
-0.00116,0.04199,0.04406415
-0.000419,0.05104,0.054029673
0.000325,0.05892,0.052684546
0.00103,0.06516,0.048856497
0.00167,0.06935,0.07371935
0.0022,0.07131,0.06750849
0.0026,0.07101,0.060278982
0.00288,0.06861,0.061384737
0.00301,0.06443,0.057220668
0.00303,0.05892,0.061264485
0.00294,0.05267,0.055066317
0.00276,0.04629,0.051011413
0.00252,0.04039,0.061352283
0.00225,0.03554,0.05366239
0.00196,0.0322,0.049081713
0.00168,0.03072,0.045562297
0.00142,0.03127,0.05523351
0.00118,0.03386,0.060332805
0.000965,0.03829,0.059856296
0.000769,0.04419,0.05729729
0.000585,0.0511,0.049531966
0.000404,0.05851,0.055084586
0.000221,0.06579,0.061955243
3.79e-05,0.07233,0.06281757
-0.000149,0.07759,0.052691042
-0.000329,0.08115,0.06166753
-0.000486,0.08274,0.052241117
-0.000599,0.0822,0.05402565
-0.00064,0.07954,0.052401334
-0.000588,0.07497,0.053593606
-0.000421,0.06884,0.043929845
-0.000121,0.06158,0.039437786
0.000322,0.05371,0.0433155
0.000907,0.04577,0.028207392
0.00162,0.03833,0.0399262
0.00244,0.03184,0.024507582
0.00333,0.02668,0.027051032
0.00424,0.0231,0.028957933
0.00514,0.02123,0.030189127
0.00596,0.02105,0.024774045
0.00665,0.02238,0.029356897
0.00719,0.02497,0.035300165
0.00753,0.02846,0.01729405
0.00766,0.03248,0.027662575
0.00757,0.03661,0.03566435
0.00727,0.04047,0.028315425
0.00678,0.04375,0.018125921
0.00615,0.04624,0.023344606
0.00543,0.04778,0.037742108
0.00466,0.04842,0.01994875
0.00391,0.04821,0.021478534
0.00323,0.04732,0.037615478
0.00269,0.046,0.033707052
0.00233,0.04448,0.036074013
0.00217,0.04309,0.003919691
0.00226,0.04204,0.024160743
0.00259,0.0415,0.029151186
0.00317,0.04157,0.033035606
0.00396,0.04228,0.01738891
0.00494,0.04353,0.024610698
0.00606,0.04516,0.028161913
0.00727,0.04692,0.036169693
0.00851,0.04855,0.01665613
0.00971,0.04981,0.02832508
0.01081,0.05036,0.035372525
0.01175,0.05002,0.035606116
0.01248,0.04865,0.010120243
0.01295,0.04623,0.019866496
0.01312,0.04289,0.028116137
0.01299,0.03875,0.013419658
0.01257,0.03413,-0.0021194816
0.01185,0.02939,0.0019401908
0.01089,0.02495,0.007759899
0.00971,0.02129,-8.5145235e-05
0.00839,0.0188,-0.014132112
0.00699,0.01785,-0.005284816
0.00558,0.01868,-0.0031400025
0.00423,0.02146,-0.008126497
0.00301,0.02618,0.006218523
0.00196,0.03273,-0.011920899
0.00113,0.0408,0.01588799
0.000543,0.05001,0.012195259
0.000201,0.05986,0.00537017
9.42e-05,0.06976,0.03260258
0.0002,0.07912,0.041315824
0.000473,0.08738,0.03248693
0.000865,0.09406,0.03413394
0.00132,0.09874,0.066029966
0.00179,0.10111,0.044146076
0.00223,0.10103,0.06253764
0.00259,0.09857,0.044098616
0.00284,0.09392,0.057432204
0.00298,0.08739,0.04221493
0.00299,0.07938,0.055119127
0.00289,0.07043,0.045263976
0.00271,0.06115,0.05788341
0.00247,0.05211,0.037401825
0.0022,0.04383,0.041561574
0.00193,0.03676,0.020887077
0.0017,0.03127,0.03817779
0.00152,0.0276,0.037529886
0.00142,0.02585,0.034397468
0.00139,0.02596,0.03461638
0.00143,0.02775,0.030403376
0.00151,0.03092,0.040045872
0.00163,0.03508,0.03791806
0.00176,0.03978,0.043459743
0.00187,0.04458,0.039106637
0.00193,0.04903,0.044832736
0.00194,0.05275,0.033651516
0.00186,0.05539,0.04211852
0.00171,0.05674,0.03426236
0.00148,0.0567,0.03119129
0.00118,0.05528,0.030947298
0.000833,0.05266,0.027650893
0.000448,0.04903,0.032808334
4.84e-05,0.04468,0.02508764
-0.000339,0.03998,0.023876294
-0.000688,0.03527,0.023286372
-0.000976,0.03099,0.016716897
-0.00119,0.02745,0.022760049
-0.00131,0.0249,0.018999487
-0.00132,0.02349,0.01638624
-0.00123,0.02328,0.024454862
-0.00102,0.02429,0.029275313
-0.000702,0.02639,0.030290246
-0.000275,0.02935,0.024773449
0.000248,0.0329,0.031059474
0.000848,0.03665,0.040555954
0.00151,0.04029,0.039529532
0.00221,0.04347,0.02783832
0.00292,0.04589,0.037755474
0.0036,0.04729,0.04745063
0.00423,0.04743,0.0449104
0.00476,0.04629,0.037023813
0.00517,0.04385,0.037368
0.00542,0.04021,0.032492787
0.00549,0.03552,0.04113081
0.00537,0.02997,0.030337602
0.00506,0.02393,0.030435562
0.00455,0.01768,0.0247515
0.00387,0.01153,0.031317353
0.00305,0.00574,0.026420474
0.00214,0.000519,0.023717046
0.00117,-0.00388,0.017487183
0.000202,-0.00738,0.030175477
-0.000706,-0.00994,0.012078822
-0.00151,-0.01161,0.020880729
-0.00216,-0.01253,0.010165468
-0.00262,-0.01278,0.024024993
-0.00288,-0.0126,0.0015409291
-0.00292,-0.01222,0.0022606403
-0.00276,-0.01184,-0.0044355392
-0.00242,-0.01166,0.005010754
-0.00193,-0.0118,-0.012550384
-0.00133,-0.01244,-0.0006913245
-0.000671,-0.01362,-0.017103314
-2.01e-06,-0.01536,-0.008009657
0.000626,-0.01756,-0.016759962
0.00118,-0.02009,-0.020264357
0.00161,-0.02288,-0.018793225
0.0019,-0.02575,-0.02710703
0.00204,-0.0285,-0.02570407
0.00202,-0.03087,-0.032188535
0.00185,-0.03272,-0.012015596
0.00154,-0.03393,-0.021756634
0.00113,-0.0344,-0.034421176
0.000624,-0.03404,-0.037398875
6.83e-05,-0.03272,-0.013240844
-0.000507,-0.03054,-0.014170706
-0.00107,-0.02755,-0.010052651
-0.0016,-0.02385,-0.017440125
-0.00206,-0.01952,0.01027225
-0.00245,-0.01458,0.002451256
-0.00274,-0.00926,0.00090780854
-0.00293,-0.00368,0.01197055
-0.00301,0.00207,0.010968417
-0.00299,0.00791,0.03649527
-0.00288,0.01382,-0.0068422854
-0.00268,0.01966,0.026534587
-0.00242,0.02541,0.013417035
-0.00212,0.03105,0.04087612
-0.00179,0.03659,0.036261857
-0.00148,0.04204,0.038857296
-0.00119,0.0473,0.0344505
-0.000948,0.05239,0.052157313
-0.000783,0.0573,0.051646322
-0.000709,0.062,0.06678584
-0.000738,0.06644,0.061511338
-0.00087,0.07046,0.06744701
-0.00111,0.07408,0.07028118
-0.00144,0.07726,0.07038543
-0.00186,0.07994,0.09847355
-0.00235,0.08206,0.09288573
-0.00287,0.08351,0.092816144
-0.00341,0.08437,0.081562966
-0.00395,0.08468,0.090738386
-0.00445,0.08449,0.09024277
-0.0049,0.08383,0.079683274
-0.00529,0.08275,0.09554064
-0.00559,0.08139,0.08733818
-0.00581,0.0799,0.07939085
-0.00593,0.07837,0.06187576
-0.00595,0.07689,0.091623485
-0.00588,0.0755,0.0753645
-0.00572,0.07431,0.07941297
-0.00547,0.07335,0.057308286
-0.00513,0.07263,0.06056747
-0.00471,0.07213,0.05412689
-0.00421,0.07179,0.050516933
-0.00363,0.07156,0.031113178
-0.003,0.07138,0.041737303
-0.0023,0.07117,0.04796061
-0.00156,0.07085,0.02983284
-0.000801,0.07038,0.054295868
-4.25e-05,0.06972,0.05930686
0.000686,0.06885,0.031392634
0.00136,0.06779,0.06598398
0.00195,0.06657,0.0661127
0.00243,0.06526,0.059762478
0.00277,0.06394,0.06618604
0.00297,0.06268,0.046495587
0.00302,0.06157,0.041389108
0.00293,0.06067,0.057421356
0.00271,0.06008,0.051119298
0.00241,0.05981,0.05284658
0.00207,0.05986,0.037945032
0.00172,0.06021,0.041980892
0.00142,0.06081,0.042286575
0.00121,0.0616,0.056534916
0.00114,0.06248,0.041736484
0.00123,0.06334,0.055969745
0.00151,0.06407,0.055069327
0.00196,0.06457,0.06025651
0.00258,0.06478,0.058024794
0.00333,0.06464,0.07018489
0.00417,0.06415,0.056038946
0.00504,0.06331,0.05721739
0.00587,0.06215,0.06878239
0.00661,0.06076,0.06783113
0.0072,0.05923,0.06566256
0.00758,0.05766,0.034632176
0.00774,0.05617,0.06278017
0.00763,0.05485,0.03857532
0.00726,0.05376,0.05559835
0.00664,0.05292,0.032879174
0.00581,0.05232,0.037264854
0.00481,0.05197,0.03164074
0.00368,0.0519,0.039606005
0.00249,0.05191,0.06443241
0.00128,0.05187,0.035611823
0.000126,0.05168,0.034532666
-0.000941,0.05127,0.045044333
-0.00187,0.05073,0.059549958
-0.00264,0.04994,0.05429378
-0.00324,0.04896,0.047127336
-0.00365,0.0479,0.051702976
-0.00388,0.04695,0.07295939
-0.00393,0.0464,0.012552261
-0.00382,0.04664,0.050962687
-0.00358,0.04806,0.043043345
-0.00322,0.05104,0.06354615
-0.00276,0.05583,0.053973347
-0.00223,0.06243,0.0638313
-0.00165,0.07144,0.08780214
-0.00102,0.08295,0.0933713
-0.000365,0.09691,0.08341619
0.000292,0.11286,0.087257296
0.000918,0.12962,0.1263915
0.00152,0.14717,0.15677932
0.00209,0.1646,0.16515419
0.00259,0.18091,0.19008848
0.003,0.19467,0.16280493
0.00328,0.20374,0.23042879
0.00342,0.20747,0.26264045
0.0034,0.20458,0.24288422
0.00319,0.194,0.16034111
0.00276,0.17459,0.17835352
0.00208,0.14508,0.19417843
0.00114,0.10566,0.14221391
-7.72e-05,0.05636,0.049234718
-0.00157,-0.00233,0.036530882
-0.00333,-0.06954,-0.036142737
-0.00534,-0.14392,-0.09491382
-0.00759,-0.22345,-0.23347941
-0.01001,-0.30616,-0.28316513
-0.01257,-0.38982,-0.36374608
-0.01519,-0.47179,-0.46575227
-0.01778,-0.54895,-0.48890248
-0.02024,-0.61863,-0.5947318
-0.02251,-0.67887,-0.67138803
-0.02447,-0.7278,-0.7133719
-0.02606,-0.76349,-0.74768245
-0.02716,-0.78397,-0.7706418
-0.02772,-0.78846,-0.8085102
-0.0277,-0.77749,-0.77313054
-0.02711,-0.75172,-0.74561644
-0.02595,-0.71187,-0.71590316
-0.02424,-0.65885,-0.7455479
-0.02206,-0.59456,-0.58432007
-0.01953,-0.52196,-0.5497798
-0.01677,-0.44369,-0.45666996
-0.0139,-0.36219,-0.43338242
-0.01105,-0.27983,-0.28687444
-0.00837,-0.19922,-0.23244205
-0.006,-0.12298,-0.14525285
-0.00403,-0.0531,-0.09141746
-0.00254,0.00885,-0.00013801455
-0.00158,0.06176,0.051789135
-0.00116,0.10452,0.10492006
-0.00127,0.13715,0.12303957
-0.00184,0.15991,0.188158
-0.0028,0.17327,0.17344189
-0.00401,0.17812,0.17228976
-0.00539,0.17494,0.16602227
-0.00679,0.16579,0.15133974
-0.00809,0.15222,0.15610418
-0.00916,0.13556,0.13920054
-0.00992,0.11722,0.08870444
-0.01032,0.09769,0.08441183
-0.0103,0.07883,0.096379936
-0.00984,0.06169,0.052016944
-0.00897,0.04687,0.027802408
-0.00774,0.03482,0.022233278
-0.00623,0.02519,0.011085302
-0.00453,0.01846,0.021860406
-0.00272,0.01461,0.0038635433
-0.000917,0.01337,0.024232984
0.000786,0.01434,0.002913043
0.00228,0.01688,-0.002332896
0.0035,0.02064,0.0356327
0.00438,0.02524,0.018933743
0.00488,0.03034,0.028474629
0.00501,0.03557,-0.0034932196
0.00475,0.0407,0.04366231
0.00415,0.04544,0.024101868
0.00326,0.04964,0.022928625
0.00215,0.05327,0.04656917
0.000901,0.05628,0.008356422
-0.000398,0.05881,0.023449123
-0.00165,0.06076,0.04247448
-0.00278,0.06217,0.0479742
-0.00371,0.06306,0.004398614
-0.00438,0.0635,0.037107527
-0.00474,0.06354,0.0415155
-0.00478,0.06318,0.06688139
-0.00449,0.06242,0.031399727
-0.0039,0.06128,0.04342167
-0.00304,0.05978,0.048640102
-0.00199,0.05793,0.050960094
-0.000813,0.05582,0.036848694
0.000413,0.05353,0.046793193
0.00161,0.05116,0.04352355
0.0027,0.04881,0.043744892
0.00362,0.04661,0.032050848
0.00431,0.0447,0.03434439
0.00475,0.04324,0.018754661
0.00493,0.04235,0.03417255
0.00485,0.04212,0.019312859
0.00454,0.0426,0.0146101415
0.00405,0.04381,0.019736052
0.00344,0.04572,0.015601069
0.00276,0.04824,0.012394518
0.00209,0.05124,0.021884114
0.00148,0.05456,0.029519156
0.000986,0.05798,0.025999889
0.000641,0.06128,0.02706173
0.00047,0.06425,0.042859793
0.000484,0.06668,0.040733516
0.000666,0.0684,0.043063134
0.001,0.06928,0.03534615
0.00145,0.06926,0.044576168
0.00199,0.06833,0.041811794
0.00257,0.06653,0.04976976
0.00316,0.064,0.04434523
0.00371,0.06093,0.043386668
0.00421,0.05755,0.044478655
0.00463,0.05408,0.051434785
0.00498,0.05075,0.035379857
0.00524,0.04784,0.04784423
0.00542,0.04555,0.04869792
0.00554,0.04406,0.040846556
0.0056,0.04343,0.039714903
0.00562,0.04368,0.034023494
0.00561,0.04477,0.03192115
0.00556,0.04655,0.030501455
0.00549,0.04884,0.033313245
0.00538,0.0514,0.029128999
0.00524,0.05392,0.037504673
0.00506,0.05612,0.033077806
0.00482,0.05771,0.035837322
0.00454,0.05843,0.04537344
0.00421,0.05811,0.034336716
0.00383,0.05664,0.040990084
0.00341,0.05401,0.040169656
0.00296,0.05028,0.045929193
0.00251,0.04562,0.028078675
0.00207,0.04027,0.037932247
0.00166,0.03457,0.034929365
0.00131,0.02892,0.035787433
0.00102,0.02372,0.029624626
0.000802,0.01934,0.043112308
0.000663,0.01611,0.030736536
0.000609,0.0143,0.03206384
0.000631,0.01415,0.025283545
0.000717,0.01571,0.035546675
0.000853,0.01893,0.018961221
0.00103,0.02365,0.027760774
0.00124,0.0295,0.022636235
0.00147,0.03617,0.030041724
0.00172,0.04316,0.02794817
0.00198,0.04997,0.025042772
0.00225,0.05608,0.029453933
0.00254,0.06091,0.03152758
0.00286,0.06411,0.022577733
0.00321,0.06532,0.027221888
0.00359,0.06434,0.026922822
0.00403,0.06108,0.028563052
0.0045,0.05556,0.020038813
0.00501,0.04805,0.029719144
0.00556,0.03892,0.036204875
0.00613,0.02859,0.03162843
0.0067,0.01758,0.015936792
0.00725,0.00641,0.03009215
0.00776,-0.00428,0.03171602
0.0082,-0.01396,0.03153971
0.00855,-0.02221,0.019162834
0.0088,-0.02871,0.03378004
0.00891,-0.03329,0.022509068
0.00888,-0.03577,0.020328224
0.00871,-0.03629,0.010874987
0.00838,-0.03505,0.029447496
0.00791,-0.03239,0.020717189
0.0073,-0.02878,0.019838542
0.00658,-0.02457,-0.00015181303
0.00576,-0.02034,0.009890825
0.00487,-0.01658,0.011828899
0.00395,-0.01369,0.009609714
0.00304,-0.01207,-0.016916126
0.00216,-0.01186,0.00087445974
0.00136,-0.01325,-0.0009586215
0.000665,-0.01625,0.0118484795
0.000105,-0.02074,-0.019024372
-0.000299,-0.02652,-0.0013996661
-0.000529,-0.03318,-0.00800246
-0.000587,-0.04039,0.0019527972
-0.00048,-0.04777,-0.020247906
-0.000225,-0.05493,-0.0032578707
0.000154,-0.06148,-0.0035226345
0.000629,-0.06703,0.0124385655
0.00116,-0.07137,-0.011094421
0.0017,-0.07436,0.012405217
0.00221,-0.07593,-0.004612088
0.00266,-0.0761,0.009612322
0.00302,-0.07495,0.006162256
0.00328,-0.07268,0.023935795
0.00342,-0.06955,0.008632183
0.00345,-0.06581,0.011722535
0.00338,-0.06179,-0.0075914264
0.00322,-0.0577,0.016909868
0.00302,-0.05382,0.014764935
0.00278,-0.05036,0.0061769634
0.00255,-0.04749,0.0050279945
0.00233,-0.04538,0.01588644
0.00216,-0.04398,-0.0048855543
0.00202,-0.04335,6.6906214e-05
0.00193,-0.04344,0.003332287
0.00186,-0.04423,-0.00141415
0.0018,-0.04569,-0.009116873
0.00173,-0.04765,-0.00709337
0.00161,-0.05006,-0.0032762587
0.00142,-0.05285,-0.014243022
0.00116,-0.056,-0.056534797
0.000816,-0.05951,-0.04949519
0.000392,-0.06331,-0.053232044
-9.02e-05,-0.06739,-0.05323434
-0.000602,-0.07173,-0.10241796
-0.0011,-0.07635,-0.09435186
-0.00156,-0.08125,-0.08105269
-0.0019,-0.08633,-0.08423998
-0.00211,-0.0915,-0.10428326
-0.00213,-0.09669,-0.1031411
-0.00196,-0.10178,-0.09042379
-0.00159,-0.1067,-0.08940989
-0.00103,-0.1112,-0.10453418
-0.000306,-0.11519,-0.107687175
0.000528,-0.11855,-0.10866454
0.00141,-0.12121,-0.09773366
0.00228,-0.12317,-0.123153426
0.00305,-0.1243,-0.12103602
0.00367,-0.12473,-0.10556027
0.00408,-0.12458,-0.09405561
0.00422,-0.124,-0.104406215
0.00408,-0.12325,-0.1287623
0.00365,-0.12242,-0.13308387
0.00295,-0.12181,-0.14093119
0.002,-0.12167,-0.075764775
0.00088,-0.12219,-0.114446014
-0.000363,-0.12357,-0.13120854
-0.00164,-0.12582,-0.13991416
-0.00289,-0.12901,-0.10979888
-0.00402,-0.13312,-0.09696368
-0.00498,-0.13805,-0.14426449
-0.00571,-0.14365,-0.08806132
-0.00618,-0.1496,-0.12072292
-0.00636,-0.15568,-0.13771823
-0.00628,-0.16165,-0.124662206
-0.00594,-0.16722,-0.10398981
-0.00539,-0.17215,-0.14019123
-0.00467,-0.17619,-0.14219984
-0.00385,-0.17924,-0.12967023
-0.00299,-0.18125,-0.10664499
-0.00216,-0.18221,-0.13161874
-0.00141,-0.18218,-0.13839233
-0.000793,-0.18126,-0.13563861
-0.000352,-0.1797,-0.16867739
-0.000111,-0.17773,-0.14280415
-8.09e-05,-0.17556,-0.13831624
-0.000251,-0.17337,-0.14194715
-0.000597,-0.17136,-0.13750519
-0.00109,-0.16971,-0.17080161
-0.00167,-0.16852,-0.17100206
-0.0023,-0.1678,-0.17480713
-0.00291,-0.16747,-0.17570212
-0.00344,-0.16742,-0.14280263
-0.00384,-0.16754,-0.17738613
-0.00407,-0.16763,-0.14898723
-0.00409,-0.1675,-0.18650237
-0.00389,-0.16691,-0.15941568
-0.00349,-0.16571,-0.16331118
-0.00288,-0.16378,-0.17268504
-0.00212,-0.16103,-0.13329498
-0.00125,-0.15748,-0.14653835
-0.000336,-0.15314,-0.14119051
0.000547,-0.14822,-0.15909296
0.00133,-0.14289,-0.13211101
0.00195,-0.13737,-0.12124267
0.00236,-0.13192,-0.12370482
0.00251,-0.12681,-0.1430287
0.00238,-0.12236,-0.11754963
0.00196,-0.11876,-0.11800532
0.00129,-0.11616,-0.117337644
0.000404,-0.11465,-0.12049502
-0.00064,-0.11425,-0.10630778
-0.00177,-0.11497,-0.14068305
-0.00289,-0.11665,-0.1274674
-0.00394,-0.11908,-0.12481464
-0.00484,-0.12202,-0.12958264
-0.00551,-0.12511,-0.09630406
-0.00591,-0.12819,-0.10064936
-0.00602,-0.13094,-0.120113045
-0.00582,-0.1331,-0.08094344
-0.00534,-0.13445,-0.052889153
-0.0046,-0.13475,-0.08086315
-0.00368,-0.13405,-0.069749296
-0.00264,-0.13232,-0.040763035
-0.00154,-0.12961,-0.094532415
-0.000481,-0.126,-0.076467276
0.000481,-0.12151,-0.07902494
0.00128,-0.11647,-0.04034069
0.00186,-0.11105,-0.10188656
0.00219,-0.10539,-0.036181778
0.00227,-0.09961,-0.0744725
0.0021,-0.09372,-0.06809321
0.00171,-0.08792,-0.070904836
0.00114,-0.08219,-0.07564938
0.000447,-0.07648,-0.07021293
-0.000308,-0.07072,-0.07048075
-0.00106,-0.06476,-0.06993064
-0.00174,-0.05863,-0.06757757
-0.00229,-0.0522,-0.0665708
-0.00266,-0.0454,-0.06574243
-0.00281,-0.03821,-0.06271194
-0.00274,-0.03063,-0.040302634
-0.00243,-0.02291,-0.04329309
-0.00189,-0.01511,-0.045052707
-0.00116,-0.00741,-0.01735875
-0.000272,-4.64e-05,0.012524456
0.000706,0.00673,-0.01551719
0.00171,0.01251,-0.01566565
0.00267,0.01713,0.02617146
0.00352,0.02044,0.025695905
0.00419,0.0223,0.006213069
0.00463,0.02268,0.0037325025
0.00479,0.02144,0.003647685
0.00464,0.01882,0.008389682
0.00419,0.01505,-0.024634063
0.00345,0.01042,-0.0112416595
0.00244,0.00533,-0.015817836
0.00124,5.53e-05,-0.018904656
-9.53e-05,-0.00492,-0.031582087
-0.00147,-0.0092,-0.027125627
-0.00281,-0.0124,-0.039883047
-0.00401,-0.01419,-0.02932468
-0.00499,-0.01442,-0.04434015
-0.00569,-0.01296,-0.015730679
-0.00605,-0.00977,-0.03559929
-0.00605,-0.00495,-0.029752702
-0.00569,0.00135,-0.014361769
-0.005,0.0088,0.0044170916
-0.00403,0.01706,-0.010600969
-0.00286,0.02577,0.01799789
-0.00157,0.03453,0.017619312
-0.000251,0.04292,0.043004364
0.00099,0.05056,0.025206685
0.00206,0.05713,0.021740913
0.00289,0.06239,0.026267648
0.00343,0.06617,0.063619584
0.00364,0.06838,0.03223458
0.00354,0.06897,0.062372535
0.00314,0.06806,0.029547364
0.0025,0.06581,0.037335113
0.00169,0.06242,0.04656139
0.000785,0.05815,0.044178903
-0.000112,0.05324,0.03185022
-0.000915,0.04803,0.017657429
-0.00155,0.04283,0.037234724
-0.00195,0.03788,0.026632637
-0.00207,0.03345,0.02087465
-0.0019,0.02969,0.027250275
-0.00145,0.02678,0.023871899
-0.000729,0.02485,0.022591025
0.000199,0.02392,0.015196085
0.00127,0.024,0.027631745
0.0024,0.02502,0.04022649
0.00353,0.02687,0.03670785
0.00457,0.02944,0.041904777
0.00546,0.03256,0.03911428
0.00615,0.03607,0.04187025
0.00659,0.03975,0.030670926
0.00676,0.04339,0.04683426
0.00666,0.0468,0.048379064
0.00632,0.04982,0.04143104
0.00574,0.05232,0.04393789
0.00498,0.05418,0.035686746
0.00409,0.05531,0.03258893
0.0031,0.05567,0.037794203
0.00208,0.0553,0.044811398
0.00108,0.05426,0.0072286427
0.000132,0.05265,0.030278474
-0.000718,0.05063,0.011058107
-0.00144,0.04837,0.02570811
-0.00203,0.04605,0.031629056
-0.00246,0.0439,0.044777483
-0.00273,0.04209,0.00444597
-0.00284,0.04081,0.038163453
-0.0028,0.04023,0.038381636
-0.00263,0.04043,0.04280965
-0.00235,0.04147,0.065218866
-0.00197,0.04332,0.06750223
-0.00151,0.04593,0.049169064
-0.000992,0.04917,0.06802094
-0.000439,0.05289,0.06189078
0.000119,0.05687,0.087399036
0.000675,0.06084,0.064218044
0.0012,0.06457,0.08977038
0.00168,0.06783,0.044481665
0.00209,0.07041,0.07431862
0.00241,0.07214,0.08496553
0.00262,0.0729,0.07192019
0.0027,0.07264,0.056352437
0.00264,0.0714,0.0575217
0.00242,0.06926,0.044639826
0.00204,0.06636,0.06141153
0.00148,0.06293,0.08467597
0.000753,0.05921,0.05989331
-0.000142,0.05546,0.08391574
-0.00118,0.05193,0.06766054
-0.00234,0.04887,0.09845844
-0.00357,0.04647,0.09170595
-0.00483,0.04488,0.07130882
-0.00607,0.04419,0.061107278
-0.00722,0.0444,0.05501148
-0.0082,0.04544,0.046709448
-0.00896,0.0472,0.04609397
-0.00943,0.0495,0.0291363
-0.00956,0.05212,0.05616495
-0.00932,0.05484,0.017840415
-0.00868,0.0574,0.041809827
-0.00765,0.05961,0.05070865
-0.00625,0.06129,0.04531181
-0.00455,0.0623,0.034121305
-0.00261,0.06259,0.03397426
-0.000515,0.06212,0.03530492
0.00163,0.06098,0.037054062
0.0037,0.05925,0.052556843
0.00561,0.05708,0.016450375
0.00724,0.05463,0.04191965
0.00853,0.05208,0.050831646
0.00941,0.04962,0.056859463
0.00985,0.04739,0.024425268
0.00986,0.0455,0.031484067
0.00946,0.04402,0.02724436
0.0087,0.04298,0.036507696
0.00767,0.04235,0.05762732
0.00647,0.0421,0.022237077
0.00521,0.04212,0.029269308
0.00398,0.04231,0.03520283
0.0029,0.04255,0.023179203
0.00202,0.04275,0.033814102
0.00144,0.04282,0.03640279
0.00119,0.04271,0.041509986
0.00127,0.0424,0.028766304
0.00166,0.04187,0.034715608
0.00231,0.04119,0.029729724
0.00316,0.04041,0.022718936
0.00414,0.0396,0.02922991
0.00516,0.03884,0.043609828
0.00611,0.03819,0.0489344
0.00693,0.03773,0.026735827
0.00754,0.03744,0.027252644
0.00788,0.03732,0.016449943
0.00792,0.03733,0.020593837
0.00764,0.03741,0.021476775
0.00706,0.03747,0.009834051
0.0062,0.03742,0.010781497
0.00511,0.03715,0.018412814
0.00384,0.0366,0.036991537
0.00246,0.03572,0.006010771
0.00105,0.03451,0.0014182776
-0.000311,0.03302,0.005942613
-0.00157,0.03132,0.038133353
-0.00267,0.02954,0.000107079744
-0.00356,0.02781,0.018682882
-0.00419,0.02633,0.011381701
-0.00455,0.02528,0.025794923
-0.00465,0.02481,-0.0069893897
-0.00448,0.02503,0.04582277
-0.00407,0.02601,0.026162788
-0.00346,0.02777,0.019799829
-0.0027,0.03023,0.029083878
-0.00184,0.03326,0.03692609
-0.000944,0.03667,0.024480581
-7.62e-05,0.0402,0.04415095
0.000714,0.04356,0.035144776
0.00137,0.04644,0.014348656
0.00185,0.04855,-0.005792618
0.00212,0.04966,0.03952983
0.00216,0.0496,0.031949103
0.00198,0.04823,0.037429363
0.00159,0.04557,0.04603961
0.00103,0.04171,0.026522875
0.000319,0.03683,0.008545697
-0.000482,0.03125,0.0090396255
-0.00132,0.02531,0.016324908
-0.00213,0.01942,0.021615952
-0.00287,0.01402,0.01101695
-0.00349,0.00948,0.024798125
-0.00397,0.00621,0.0019072443
-0.00429,0.00448,0.013806492
-0.00443,0.00449,0.0073827803
-0.00442,0.0063,0.04438275
-0.00428,0.00986,0.032258704
-0.00403,0.01498,0.049477547
-0.00373,0.02139,0.034359246
-0.00342,0.02869,0.051514894
-0.00315,0.03641,0.04844418
-0.00294,0.04408,0.06235543
-0.00283,0.05119,0.044550747
-0.00283,0.05726,0.054103762
-0.00296,0.0619,0.030593827
-0.00319,0.06481,0.07171795
-0.00351,0.06582,0.039043397
-0.00388,0.06485,0.024702698
-0.00426,0.06197,0.013318658
-0.00462,0.05739,0.040730447
-0.00492,0.05143,0.029349238
-0.00511,0.04447,0.032836884
-0.00517,0.03699,0.045820713
-0.00507,0.02944,0.032440037
-0.00482,0.02233,0.018258959
-0.00441,0.01607,0.013485983
-0.00386,0.01104,0.02490136
-0.00319,0.00753,-0.0017518699
-0.00243,0.0057,0.003068298
-0.00161,0.0056,0.017932266
-0.000778,0.00718,0.0011081994
4.04e-05,0.01029,0.00471887
0.000811,0.0147,0.0098183155
0.0015,0.02007,-0.0002438873
0.00209,0.02603,0.026905134
0.00258,0.03222,0.0025309324
0.00294,0.03828,0.012866914
0.00319,0.04387,0.017988428
0.00333,0.04871,0.02002342
0.00336,0.05257,0.02482894
0.00332,0.05531,0.02034387
0.00322,0.05687,0.014103025
0.00307,0.05728,0.027292266
0.0029,0.05663,0.021868765
0.00271,0.05506,0.020329982
0.00253,0.05278,0.03770995
0.00237,0.04999,0.021986097
0.00222,0.04696,0.025285214
0.00208,0.0439,0.024993584
0.00194,0.04107,0.033242494
0.00179,0.03866,0.0096699
0.00163,0.03681,0.022068739
0.00143,0.03562,0.014546335
0.00116,0.03513,0.02253829
0.000836,0.03538,0.014166474
0.000431,0.03633,0.0201706
-4.92e-05,0.0379,0.008392245
-0.000592,0.03993,0.013883501
-0.00118,0.04226,0.0397453
-0.00178,0.04472,0.04532188
-0.00237,0.04714,0.026307046
-0.00289,0.04931,0.04088731
-0.00331,0.05105,0.056351244
-0.00357,0.0522,0.0530394
-0.00363,0.05261,0.030888274
-0.00346,0.05218,0.043188393
-0.00305,0.05088,0.03459665
-0.00241,0.04871,0.049299538
-0.00154,0.04573,0.021602005
-0.000488,0.04204,0.038545698
0.000692,0.0378,0.046753526
0.00193,0.03321,0.030557036
0.00313,0.02852,0.0012163371
0.00422,0.02399,-0.0028304458
0.00511,0.01989,0.0152077675
0.00573,0.01646,-0.0018432736
0.00601,0.01392,-0.0100982785
0.00591,0.01245,0.0029629618
0.00542,0.0122,0.010243967
0.00456,0.01319,0.023883507
0.00335,0.0154,0.008031428
0.00187,0.01873,0.029120684
0.000201,0.02301,0.029652804
-0.00157,0.028,0.03185223
-0.00332,0.03338,0.027637154
-0.00497,0.03883,0.05464825
-0.00641,0.04403,0.05304423
-0.00755,0.04865,0.049276024
-0.00833,0.05241,0.051858097
-0.00872,0.05504,0.048932582
-0.00872,0.05641,0.06232825
-0.00832,0.05644,0.06598005
-0.00757,0.05514,0.05352059
-0.00652,0.05263,0.058302432
-0.00524,0.04909,0.056281716
-0.00383,0.04481,0.028194994
-0.00236,0.04008,0.023633957
-0.000894,0.03527,0.025222436
0.000479,0.03073,0.055874825
0.0017,0.02678,0.027911335
0.00272,0.02373,0.020347178
0.00351,0.02179,0.018045306
0.00407,0.02112,0.041728914
0.0044,0.02176,0.034697562
0.00451,0.02366,0.023412049
0.00444,0.0267,0.018235147
0.00422,0.03069,0.033216357
0.0039,0.03537,0.032562613
0.00352,0.0404,0.008447558
0.00314,0.04548,0.040878862
0.00279,0.05029,0.025483608
0.00251,0.05456,0.038991302
0.00234,0.05804,0.024460226
0.00228,0.06057,0.028868973
0.00235,0.06205,0.019485682
0.00256,0.06248,0.015341684
0.0029,0.06192,0.031698167
0.00335,0.06047,0.031875968
0.00387,0.05833,0.029051244
0.00444,0.05573,0.038014144
0.00502,0.0529,0.051965594
0.00558,0.05004,0.051932096
0.00607,0.04736,0.04212132
0.00646,0.04502,0.044453412
0.0067,0.04314,0.04739967
0.0068,0.04178,0.046135396
0.00672,0.04093,0.04697582
0.00646,0.04051,0.04426226
0.00605,0.04042,0.028886348
0.00548,0.04054,0.03726077
0.0048,0.04071,0.032682
0.00404,0.04078,0.043914676
0.00323,0.04061,0.027275056
0.00242,0.04013,0.030483097
0.00166,0.03927,0.028620154
0.000967,0.03804,0.033553034
0.000381,0.03647,0.032455146
-6.81e-05,0.03465,0.03246057
-0.000372,0.03277,0.018306911
-0.000525,0.03095,0.022479907
-0.000531,0.02937,0.027526349
-0.000397,0.02817,0.035303816
-0.000134,0.02745,0.032829106
0.000242,0.02737,0.0295268
0.000709,0.02793,0.029469728
0.00125,0.02911,0.03600979
0.00185,0.0308,0.035780072
0.00248,0.03281,0.03548652
0.00315,0.035,0.031857997
0.00384,0.03713,0.031620637
0.00452,0.03893,0.03007175
0.0052,0.04016,0.03026697
0.00586,0.04054,0.022734731
0.00647,0.03994,0.019029945
0.00703,0.03824,0.019922376
0.00751,0.0354,0.015779525
0.00789,0.03141,-0.0008318126
0.00814,0.02635,-0.0019503087
0.00824,0.02046,0.022407457
0.00819,0.01396,-0.017751485
0.00797,0.00715,-0.009681255
0.00757,0.00029,-0.012457222
0.00701,-0.00632,-0.018688798
0.00628,-0.01234,-0.0075590312
0.00541,-0.01754,-0.025949404
0.00444,-0.02177,-0.016976953
0.0034,-0.02492,-0.010807484
0.00231,-0.02694,-0.0144173205
0.00122,-0.02784,-0.020130575
0.000172,-0.02779,-0.021400392
-0.000814,-0.027,-0.02321221
-0.0017,-0.02566,-0.023573592
-0.00247,-0.024,-0.034193307
-0.0031,-0.02228,-0.027270809
-0.00359,-0.02078,-0.033079877
-0.00394,-0.01973,-0.023135692
-0.00415,-0.01924,-0.034481853
-0.00421,-0.01933,-0.031024933
-0.00413,-0.02003,-0.03977914
-0.00394,-0.0213,-0.035807878
-0.00364,-0.02304,-0.017421037
-0.00324,-0.025,-0.010814771
-0.00275,-0.02685,-0.04176116
-0.00216,-0.02838,-0.021690995
-0.0015,-0.02931,-0.0151795745
-0.000775,-0.0294,-0.022639811
-4.17e-06,-0.02842,-0.015851408
0.000806,-0.02612,-0.011488363
0.00164,-0.02248,-0.034341067
0.00248,-0.01748,-0.01485607
0.0033,-0.0112,0.0042304397
0.00409,-0.00376,0.013859719
0.00483,0.00465,0.005261004
0.00549,0.01364,0.013040125
0.00608,0.02293,0.021758616
0.00658,0.03218,0.032417834
0.00698,0.04103,0.019254953
0.00727,0.04918,0.029440552
0.00745,0.05624,0.04850492
0.00753,0.06203,0.055084735
0.00752,0.0664,0.052546978
0.00741,0.0693,0.05411935
0.00721,0.07072,0.055375785
0.0069,0.07065,0.06698331
0.00651,0.06935,0.0673556
0.00602,0.06703,0.06802073
0.00545,0.06396,0.05047986
0.0048,0.06046,0.04389605
0.00407,0.05672,0.05021012
0.00326,0.05312,0.043198705
0.0024,0.04992,0.04906127
0.00151,0.04734,0.034192815
0.000626,0.04555,0.035088032
-0.000233,0.04458,0.043406755
-0.00103,0.04451,0.036779255
-0.00173,0.04533,0.03962055
-0.0023,0.04695,0.02926518
-0.00269,0.04926,0.043453664
-0.00289,0.05205,0.057780832
-0.00289,0.05514,0.049209863
-0.00267,0.05836,0.054611295
-0.00225,0.06154,0.060738236
-0.00162,0.06453,0.06095481
-0.000831,0.06716,0.062796146
9.28e-05,0.06933,0.06020996
0.00111,0.071,0.07408184
0.00217,0.07216,0.07191837
0.00323,0.07284,0.08267218
0.00426,0.07308,0.07525638
0.00521,0.07296,0.0882096
0.00606,0.07258,0.05777672
0.00677,0.07206,0.090019494
0.00734,0.07152,0.052970856
0.00776,0.07104,0.06185898
0.00803,0.07073,0.07140997
0.00816,0.07066,0.071217924
0.00816,0.07087,0.06597382
0.00803,0.0714,0.062206775
0.0078,0.07222,0.05526063
